measure,query_id,perfect,binarized,nearrandom
AP,307,0.22349439352613346,0.2529789390847029,0.22349439352613346
AP,310,0.2887119337409449,0.3746989757742918,0.2887119337409449
AP,311,0.15416487880739022,0.20970207526559465,0.15416487880739022
AP,316,0.04726742136722254,0.049693780835097644,0.04726742136722254
AP,317,0.31297138420585624,0.35970387173102053,0.31297138420585624
AP,319,0.05023413083161933,0.029093107436504166,0.05023413083161933
AP,320,0.10383348584568097,0.0656847311694618,0.10383348584568097
AP,325,0.08067835938673866,0.047791782672738724,0.08067835938673866
AP,326,0.3431099833562817,0.4912321769338072,0.3431099833562817
AP,331,0.40536113796539186,0.42643356176890435,0.40536113796539186
AP,334,0.12306527243815202,0.12669773239839954,0.12306527243815202
AP,339,0.2330730672835936,0.2134126692021429,0.2330730672835936
AP,346,0.09779998955830618,0.12692055697437526,0.09779998955830618
AP,356,0.06370427216677661,0.013332540623389098,0.06370427216677661
AP,361,0.36663386935126063,0.42582141593579503,0.36663386935126063
AP,368,0.5861177331833137,0.6255292706130053,0.5861177331833137
AP,369,0.4594052013141944,0.472547850767934,0.4594052013141944
AP,370,0.1330073651080068,0.04756404656902522,0.1330073651080068
AP,397,0.67883326264921,0.6685263168591092,0.67883326264921
AP,398,0.1717710209120438,0.19264531326440776,0.1717710209120438
AP,405,0.3102278178247233,0.44386448694537567,0.3102278178247233
AP,409,0.12147026437905191,0.19224747474747472,0.12147026437905191
AP,412,0.411800577739092,0.45153892522573935,0.411800577739092
AP,413,0.05783693479458374,0.062400593602065034,0.05783693479458374
AP,415,0.0867979997275975,0.16025737869131887,0.0867979997275975
AP,419,0.11595549947364465,0.1330758613367309,0.11595549947364465
AP,421,0.058604035456273566,0.07442764238324326,0.058604035456273566
AP,438,0.186216304987659,0.1856295986622327,0.186216304987659
AP,441,0.34843963226316166,0.3928495173023837,0.34843963226316166
AP,609,0.2164431766357981,0.2191537406843791,0.2164431766357981
AP,610,0.010349456412852067,0.0046774738264099966,0.010349456412852067
AP,613,0.1016108561839324,0.09931837183516126,0.1016108561839324
AP,623,0.05775940915531093,0.07351967831588756,0.05775940915531093
AP,624,0.2561703461465719,0.10917618412492971,0.2561703461465719
AP,626,0.5712639354777823,0.6104367285438336,0.5712639354777823
AP,631,0.2657256734893096,0.289822418567566,0.2657256734893096
AP,634,0.5577505827505828,0.6051731601731601,0.5577505827505828
AP,635,0.6416579756103367,0.7690427257782431,0.6416579756103367
AP,641,0.1471740656880436,0.22082887255325742,0.1471740656880436
AP,644,0.36301192841692825,0.3349031161409079,0.36301192841692825
AP,645,0.641859244435602,0.6884157968098825,0.641859244435602
AP,646,0.32679265821471243,0.34902891241564016,0.32679265821471243
AP,647,0.33780689917224477,0.430946092784453,0.33780689917224477
AP,650,0.05683483245464298,0.10684182615272948,0.05683483245464298
AP,651,0.06560100428292003,0.031187369576044555,0.06560100428292003
AP,652,0.1203514927066792,0.2992617010995311,0.1203514927066792
AP,666,0.029560308972073675,0.006289308176100628,0.029560308972073675
AP,675,0.1778973963655157,0.20413687427945248,0.1778973963655157
AP,691,0.17070512686313385,0.18541092158332365,0.17070512686313385
AP,698,0.14094849954735797,0.1524679518009592,0.14094849954735797
AP,306,0.16980108867443783,0.14892670283183934,0.16980108867443783
AP,313,0.31293137100272794,0.355151143663661,0.31293137100272794
AP,323,0.1152952261373155,0.12108303878776647,0.1152952261373155
AP,329,0.4049791135328017,0.39734340595403866,0.4049791135328017
AP,330,0.20445321068875352,0.26247116247862906,0.20445321068875352
AP,332,0.03912382520202631,0.035170422739475134,0.03912382520202631
AP,336,0.057746892347841826,0.0333842627960275,0.057746892347841826
AP,343,0.10808629555754978,0.11220004462578,0.10808629555754978
AP,357,0.31365101593582817,0.31246747616780596,0.31365101593582817
AP,366,0.11461500885389693,0.1384598842474647,0.11461500885389693
AP,367,0.049732637978796373,0.030020162221194458,0.049732637978796373
AP,374,0.13775472863889748,0.14352657619764178,0.13775472863889748
AP,376,0.023307957074764466,0.04411800228146848,0.023307957074764466
AP,380,0.2570834286555751,0.32994106611012486,0.2570834286555751
AP,383,0.05885193089434867,0.057973470530578115,0.05885193089434867
AP,385,0.3521480028984756,0.37347427251095544,0.3521480028984756
AP,387,0.11064622771386444,0.13297446877485541,0.11064622771386444
AP,394,0.10182722208044293,0.10280796290554775,0.10182722208044293
AP,402,0.26322430283685305,0.3386803972479859,0.26322430283685305
AP,410,0.42303013298452263,0.42885346958021575,0.42303013298452263
AP,416,0.21356919354862663,0.23660591693117322,0.21356919354862663
AP,418,0.01559050601059917,0.013512693961641292,0.01559050601059917
AP,420,0.3549046744473591,0.42678083653564236,0.3549046744473591
AP,425,0.42353269730042353,0.4191216049893639,0.42353269730042353
AP,426,0.12678330158334136,0.14537802021720303,0.12678330158334136
AP,427,0.1760295066797846,0.20473051679308996,0.1760295066797846
AP,433,0.009615384615384616,0.005402479889218931,0.009615384615384616
AP,440,0.18991631313922047,0.21972293622629224,0.18991631313922047
AP,445,0.4873690921289442,0.5134040066167579,0.4873690921289442
AP,448,0.024084010272277544,0.03526740219322059,0.024084010272277544
AP,449,0.08517424808786048,0.044230826151116856,0.08517424808786048
AP,601,0.5042373607540702,0.540126050420168,0.5042373607540702
AP,605,0.23556134196121142,0.321640878604664,0.23556134196121142
AP,606,0.1544785850990628,0.15993604693075733,0.1544785850990628
AP,607,0.22632047904906927,0.06308631484202924,0.22632047904906927
AP,618,0.050197318281507496,0.030841159364239056,0.050197318281507496
AP,619,0.43115048972113207,0.5240938740599406,0.43115048972113207
AP,632,0.4175893273423554,0.44109066074421255,0.4175893273423554
AP,636,0.18327144347834595,0.20295072498221445,0.18327144347834595
AP,648,0.5053517061773651,0.568745478989524,0.5053517061773651
AP,662,0.19858564457819797,0.1998733926177176,0.19858564457819797
AP,663,0.499058752054422,0.5465766903251176,0.499058752054422
AP,664,0.8252525252525253,0.8185185185185185,0.8252525252525253
AP,667,0.30717898223769,0.3499380840237221,0.30717898223769
AP,676,0.15205920145639457,0.09774303751578478,0.15205920145639457
AP,684,0.12330593722354621,0.12135683490118328,0.12330593722354621
AP,685,0.2103742345447184,0.3140472090632474,0.2103742345447184
AP,687,0.33715564599511194,0.3823114616768089,0.33715564599511194
AP,688,0.04633896310099958,0.049354616833832056,0.04633896310099958
AP,696,0.3996151100070794,0.384716257557955,0.3996151100070794
AP,301,0.1632770469367188,0.20878531740696,0.1632770469367188
AP,303,0.09008796872981167,0.08877546755293127,0.09008796872981167
AP,305,0.07817768868572804,0.09857693261234284,0.07817768868572804
AP,312,0.14906078763645528,0.20034685128467003,0.14906078763645528
AP,327,0.29699963990199074,0.33171184951362903,0.29699963990199074
AP,328,0.200192156507015,0.24110047956224998,0.200192156507015
AP,333,0.24278834136032384,0.2806927631386445,0.24278834136032384
AP,337,0.18960004986939094,0.19646025531741862,0.18960004986939094
AP,342,0.045549040080658854,0.04301179947199335,0.045549040080658854
AP,347,0.07385160296119446,0.06540245170674908,0.07385160296119446
AP,352,0.011185041115998294,0.01772914621251777,0.011185041115998294
AP,362,0.09377677477315598,0.08242571098734058,0.09377677477315598
AP,363,0.31482882737068546,0.2918612122451495,0.31482882737068546
AP,365,0.3387945824932391,0.38035469534024136,0.3387945824932391
AP,371,0.00822887927320176,0.0007678333934189494,0.00822887927320176
AP,377,0.09922212853545588,0.08390962139728425,0.09922212853545588
AP,378,0.019380350281651557,0.006929795557506735,0.019380350281651557
AP,379,0.07855113636363636,0.163436329588015,0.07855113636363636
AP,386,0.1201105773828562,0.11954024855416734,0.1201105773828562
AP,391,0.26601100168819514,0.30849378577024544,0.26601100168819514
AP,396,0.3484283587271564,0.37458555373438435,0.3484283587271564
AP,399,0.12080234146379962,0.1286386728909781,0.12080234146379962
AP,401,0.34138507597072487,0.388144667273114,0.34138507597072487
AP,414,0.2895316552150504,0.29277029011035804,0.2895316552150504
AP,423,0.1795207593245035,0.20685806058418643,0.1795207593245035
AP,428,0.2691543778542162,0.28952607431151123,0.2691543778542162
AP,429,0.4779437788121321,0.48875838775723685,0.4779437788121321
AP,436,0.6207630503893117,0.6114959170844141,0.6207630503893117
AP,437,0.011997488507416708,0.001555942414740854,0.011997488507416708
AP,439,0.016348154735039415,0.006589994653462991,0.016348154735039415
AP,442,0.06230339974283899,0.16139404961317713,0.06230339974283899
AP,443,0.24883762510927476,0.24245381881925832,0.24883762510927476
AP,444,0.12217943245017095,0.22493592793124711,0.12217943245017095
AP,447,0.0016062548235880585,0.00035310734463276836,0.0016062548235880585
AP,603,0.5335000839910863,0.5789313893281061,0.5335000839910863
AP,615,0.048458055400056106,0.03370607721471543,0.048458055400056106
AP,616,0.27227563641266317,0.2830434425071178,0.27227563641266317
AP,627,0.031269127743323764,0.026702625385359245,0.031269127743323764
AP,628,0.22163268569568356,0.20696687398880326,0.22163268569568356
AP,629,0.5567131364836081,0.5836188162960823,0.5567131364836081
AP,649,0.4469417015362852,0.4900674395772879,0.4469417015362852
AP,673,0.2150020168355649,0.24414570160995822,0.2150020168355649
AP,677,0.7819706498951783,0.7842660178426601,0.7819706498951783
AP,680,0.2529896180537096,0.2520079982606304,0.2529896180537096
AP,682,0.052333921468006535,0.13966861346957715,0.052333921468006535
AP,690,0.006223333366677729,0.0024631708568677124,0.006223333366677729
AP,692,0.1779385193603321,0.19048051192019197,0.1779385193603321
AP,694,0.1878798079504701,0.1494667300490952,0.1878798079504701
AP,695,0.11413371618399105,0.1416442936046163,0.11413371618399105
AP,699,0.39187297641973035,0.4393960818734443,0.39187297641973035
AP,304,0.1066552348581673,0.11728228169260606,0.1066552348581673
AP,308,0.2867605036594584,0.28846184711024564,0.2867605036594584
AP,309,0.0,0.0,0.0
AP,314,0.07762121549494763,0.08995309181247434,0.07762121549494763
AP,318,0.046333240461920694,0.04945247886255744,0.046333240461920694
AP,324,0.6666834588371536,0.642690827243636,0.6666834588371536
AP,335,0.5302610289792982,0.598595200799709,0.5302610289792982
AP,340,0.18280879914755938,0.2069995836330482,0.18280879914755938
AP,341,0.2367361868773297,0.2819282047558963,0.2367361868773297
AP,344,0.3762331354560173,0.647897897897898,0.3762331354560173
AP,345,0.22961397750829635,0.2423712652833705,0.22961397750829635
AP,348,0.0,0.0,0.0
AP,350,0.10779814054601929,0.18958847908909515,0.10779814054601929
AP,354,0.0675884138839495,0.027099318471404538,0.0675884138839495
AP,360,0.3633097617601058,0.3767959997714844,0.3633097617601058
AP,373,0.09754902715464223,0.11688991661503784,0.09754902715464223
AP,381,0.09701087936133665,0.08157730240001619,0.09701087936133665
AP,382,0.541943519104194,0.5769073594873553,0.541943519104194
AP,384,0.12572554005903086,0.1503169664977636,0.12572554005903086
AP,390,0.1450686519625483,0.16879199878472295,0.1450686519625483
AP,392,0.2789226453648562,0.2965278356241275,0.2789226453648562
AP,395,0.14233395259640658,0.09963168200596784,0.14233395259640658
AP,406,0.12934712009241348,0.15877579077033793,0.12934712009241348
AP,411,0.22367166892147913,0.22625878729301813,0.22367166892147913
AP,424,0.055574951628661814,0.01557462030650174,0.055574951628661814
AP,432,0.01268763850111328,0.003961780114546415,0.01268763850111328
AP,434,0.49909775860437666,0.4612328369349298,0.49909775860437666
AP,435,0.06878377959196326,0.06251503182640604,0.06878377959196326
AP,446,0.2046432117657759,0.24858253314039266,0.2046432117657759
AP,604,0.5757668439716311,0.6379901960784313,0.5757668439716311
AP,612,0.29642593681905705,0.17903775893369359,0.29642593681905705
AP,614,0.09925879917184265,0.13772701447556937,0.09925879917184265
AP,617,0.18016176892392646,0.18727737085858498,0.18016176892392646
AP,621,0.5594123443144182,0.5714163969215775,0.5594123443144182
AP,622,0.15678433476195197,0.2238586643292229,0.15678433476195197
AP,633,0.32089141767493595,0.34277665309276173,0.32089141767493595
AP,637,0.18933166016793138,0.22019822771696465,0.18933166016793138
AP,643,0.20698765579029044,0.22539258238199447,0.20698765579029044
AP,655,0.17711819430569428,0.20925247591914256,0.17711819430569428
AP,656,0.25574964603781064,0.2852603225385291,0.25574964603781064
AP,659,0.4027697904890698,0.4567180540859063,0.4027697904890698
AP,668,0.03742013810749707,0.03160468183672631,0.03742013810749707
AP,669,0.024684131859427465,0.015143006599469735,0.024684131859427465
AP,670,0.10778356130931926,0.1498487512794774,0.10778356130931926
AP,674,0.23966425353716198,0.27776053101004816,0.23966425353716198
AP,678,0.14068591615069284,0.22305696766627447,0.14068591615069284
AP,679,0.7166666666666668,0.8305555555555554,0.7166666666666668
AP,681,0.517505146832357,0.5521956309661508,0.517505146832357
AP,683,0.25255639384813156,0.32039747237255684,0.25255639384813156
AP,689,0.0328016340837199,0.009712416596372432,0.0328016340837199
AP,302,0.38539456889709606,0.4153219914374977,0.38539456889709606
AP,315,0.04416981449688016,0.006379852703283521,0.04416981449688016
AP,321,0.21905306595739218,0.23435000417299726,0.21905306595739218
AP,322,0.07797508876236135,0.027089146110424393,0.07797508876236135
AP,338,0.19789628180039137,0.35122749590834695,0.19789628180039137
AP,349,0.11107592702062784,0.13727598449648393,0.11107592702062784
AP,351,0.5774338936016129,0.641003982866229,0.5774338936016129
AP,353,0.15576061003538294,0.2220141915806154,0.15576061003538294
AP,355,0.09671529294934368,0.12875088738321466,0.09671529294934368
AP,358,0.284525454200231,0.33520152837530015,0.284525454200231
AP,359,0.05063732665973455,0.0189744111023758,0.05063732665973455
AP,364,0.45215717079626294,0.48400246857903745,0.45215717079626294
AP,372,0.6386494921435353,0.6509337328736299,0.6386494921435353
AP,375,0.10664341307314999,0.1180036582016237,0.10664341307314999
AP,388,0.019871325733406678,0.005062291401312697,0.019871325733406678
AP,389,0.05447172642636071,0.058654276517662515,0.05447172642636071
AP,393,0.029276043139967244,0.05223748447637125,0.029276043139967244
AP,400,0.4559596048938617,0.4912255281277643,0.4559596048938617
AP,403,0.7111920407141324,0.7631089697892044,0.7111920407141324
AP,404,0.07855974243746408,0.043286125422478616,0.07855974243746408
AP,407,0.09866477691686737,0.13037463914245992,0.09866477691686737
AP,408,0.1655877899841104,0.15892279446556262,0.1655877899841104
AP,417,0.15265754547603325,0.1888847787784476,0.15265754547603325
AP,422,0.5428819360716443,0.5614297047163509,0.5428819360716443
AP,430,0.7218253968253969,0.8412698412698413,0.7218253968253969
AP,431,0.35073724678333384,0.3734252616515167,0.35073724678333384
AP,450,0.2808557040989302,0.28211098393062356,0.2808557040989302
AP,602,0.3390071771646775,0.31307492557078603,0.3390071771646775
AP,608,0.11718168851569542,0.11472739541332073,0.11718168851569542
AP,611,0.3179845671793813,0.3069253440411759,0.3179845671793813
AP,620,0.03653571077491928,0.03866694927590518,0.03653571077491928
AP,625,0.3648082464520532,0.41251548485479156,0.3648082464520532
AP,630,0.8875,0.8875,0.8875
AP,638,0.057330961950901635,0.020745166007408035,0.057330961950901635
AP,639,0.2538822785076574,0.30865623720617325,0.2538822785076574
AP,640,0.26937100479374965,0.29515249212150857,0.26937100479374965
AP,642,0.05669978653257711,0.05898855545412678,0.05669978653257711
AP,653,0.6038074063172946,0.6147353047662744,0.6038074063172946
AP,654,0.31355697924999076,0.47728396562260306,0.31355697924999076
AP,657,0.2707207750640546,0.42257348441540316,0.2707207750640546
AP,658,0.20829119680732155,0.2549849177501381,0.20829119680732155
AP,660,0.6726161651336763,0.7265247268892956,0.6726161651336763
AP,661,0.4905539227138174,0.47975954039293744,0.4905539227138174
AP,665,0.19814408605179434,0.1935315820531099,0.19814408605179434
AP,671,0.15763485956581103,0.15742561495762947,0.15763485956581103
AP,686,0.20520149767395296,0.1882818678145412,0.20520149767395296
AP,693,0.21659327322959643,0.26175710730214985,0.21659327322959643
AP,697,0.1384137800573907,0.18765178826398632,0.1384137800573907
AP,700,0.13827889270785085,0.1514803753721454,0.13827889270785085
R@1000,307,0.7047619047619048,0.7047619047619048,0.7047619047619048
R@1000,310,0.8461538461538461,0.8461538461538461,0.8461538461538461
R@1000,311,0.4010989010989011,0.4010989010989011,0.4010989010989011
R@1000,316,0.4411764705882353,0.4411764705882353,0.4411764705882353
R@1000,317,0.5714285714285714,0.5714285714285714,0.5714285714285714
R@1000,319,0.4294117647058823,0.4294117647058823,0.4294117647058823
R@1000,320,1.0,1.0,1.0
R@1000,325,0.625,0.625,0.625
R@1000,326,0.8260869565217391,0.8260869565217391,0.8260869565217391
R@1000,331,0.7323943661971831,0.7323943661971831,0.7323943661971831
R@1000,334,0.7777777777777778,0.7777777777777778,0.7777777777777778
R@1000,339,0.8,0.8,0.8
R@1000,346,0.7142857142857143,0.7142857142857143,0.7142857142857143
R@1000,356,0.5294117647058824,0.5294117647058824,0.5294117647058824
R@1000,361,0.7777777777777778,0.7777777777777778,0.7777777777777778
R@1000,368,0.9016393442622951,0.9016393442622951,0.9016393442622951
R@1000,369,0.6923076923076923,0.6923076923076923,0.6923076923076923
R@1000,370,0.48214285714285715,0.48214285714285715,0.48214285714285715
R@1000,397,0.9629629629629629,0.9629629629629629,0.9629629629629629
R@1000,398,0.5448275862068965,0.5448275862068965,0.5448275862068965
R@1000,405,1.0,1.0,1.0
R@1000,409,0.3181818181818182,0.3181818181818182,0.3181818181818182
R@1000,412,0.7479674796747967,0.7479674796747967,0.7479674796747967
R@1000,413,0.7536231884057971,0.7536231884057971,0.7536231884057971
R@1000,415,0.27941176470588236,0.27941176470588236,0.27941176470588236
R@1000,419,0.4375,0.4375,0.4375
R@1000,421,0.46987951807228917,0.46987951807228917,0.46987951807228917
R@1000,438,0.630057803468208,0.630057803468208,0.630057803468208
R@1000,441,0.5882352941176471,0.5882352941176471,0.5882352941176471
R@1000,609,0.8,0.8,0.8
R@1000,610,0.5,0.5,0.5
R@1000,613,0.46808510638297873,0.46808510638297873,0.46808510638297873
R@1000,623,0.7368421052631579,0.7368421052631579,0.7368421052631579
R@1000,624,0.8333333333333334,0.8333333333333334,0.8333333333333334
R@1000,626,0.8333333333333334,0.8333333333333334,0.8333333333333334
R@1000,631,0.8782608695652174,0.8782608695652174,0.8782608695652174
R@1000,634,0.8181818181818182,0.8181818181818182,0.8181818181818182
R@1000,635,0.9473684210526315,0.9473684210526315,0.9473684210526315
R@1000,641,0.9183673469387755,0.9183673469387755,0.9183673469387755
R@1000,644,0.875,0.875,0.875
R@1000,645,0.9655172413793104,0.9655172413793104,0.9655172413793104
R@1000,646,0.8,0.8,0.8
R@1000,647,0.7575757575757576,0.7575757575757576,0.7575757575757576
R@1000,650,0.6176470588235294,0.6176470588235294,0.6176470588235294
R@1000,651,0.5263157894736842,0.5263157894736842,0.5263157894736842
R@1000,652,0.35135135135135137,0.35135135135135137,0.35135135135135137
R@1000,666,0.6666666666666666,0.6666666666666666,0.6666666666666666
R@1000,675,0.92,0.92,0.92
R@1000,691,0.6666666666666666,0.6666666666666666,0.6666666666666666
R@1000,698,0.6,0.6,0.6
R@1000,306,0.5240963855421686,0.5240963855421686,0.5240963855421686
R@1000,313,0.5053763440860215,0.5053763440860215,0.5053763440860215
R@1000,323,0.3114754098360656,0.3114754098360656,0.3114754098360656
R@1000,329,0.6857142857142857,0.6857142857142857,0.6857142857142857
R@1000,330,0.7166666666666667,0.7166666666666667,0.7166666666666667
R@1000,332,0.2677165354330709,0.2677165354330709,0.2677165354330709
R@1000,336,0.6666666666666666,0.6666666666666666,0.6666666666666666
R@1000,343,0.40310077519379844,0.40310077519379844,0.40310077519379844
R@1000,357,0.6555555555555556,0.6555555555555556,0.6555555555555556
R@1000,366,0.32323232323232326,0.32323232323232326,0.32323232323232326
R@1000,367,0.24338624338624337,0.24338624338624337,0.24338624338624337
R@1000,374,0.37745098039215685,0.37745098039215685,0.37745098039215685
R@1000,376,0.14705882352941177,0.14705882352941177,0.14705882352941177
R@1000,380,0.7142857142857143,0.7142857142857143,0.7142857142857143
R@1000,383,0.3904109589041096,0.3904109589041096,0.3904109589041096
R@1000,385,0.7906976744186046,0.7906976744186046,0.7906976744186046
R@1000,387,0.7529411764705882,0.7529411764705882,0.7529411764705882
R@1000,394,0.29411764705882354,0.29411764705882354,0.29411764705882354
R@1000,402,0.8,0.8,0.8
R@1000,410,0.6307692307692307,0.6307692307692307,0.6307692307692307
R@1000,416,0.6904761904761905,0.6904761904761905,0.6904761904761905
R@1000,418,0.09482758620689655,0.09482758620689655,0.09482758620689655
R@1000,420,0.8181818181818182,0.8181818181818182,0.8181818181818182
R@1000,425,0.5679012345679012,0.5679012345679012,0.5679012345679012
R@1000,426,0.3811881188118812,0.3811881188118812,0.3811881188118812
R@1000,427,0.8,0.8,0.8
R@1000,433,0.15384615384615385,0.15384615384615385,0.15384615384615385
R@1000,440,0.42592592592592593,0.42592592592592593,0.42592592592592593
R@1000,445,0.7258064516129032,0.7258064516129032,0.7258064516129032
R@1000,448,0.34782608695652173,0.34782608695652173,0.34782608695652173
R@1000,449,0.5970149253731343,0.5970149253731343,0.5970149253731343
R@1000,601,1.0,1.0,1.0
R@1000,605,0.875,0.875,0.875
R@1000,606,0.35714285714285715,0.35714285714285715,0.35714285714285715
R@1000,607,0.8181818181818182,0.8181818181818182,0.8181818181818182
R@1000,618,0.7037037037037037,0.7037037037037037,0.7037037037037037
R@1000,619,0.9523809523809523,0.9523809523809523,0.9523809523809523
R@1000,632,0.647887323943662,0.647887323943662,0.647887323943662
R@1000,636,0.6428571428571429,0.6428571428571429,0.6428571428571429
R@1000,648,0.7543859649122807,0.7543859649122807,0.7543859649122807
R@1000,662,0.5294117647058824,0.5294117647058824,0.5294117647058824
R@1000,663,1.0,1.0,1.0
R@1000,664,0.8888888888888888,0.8888888888888888,0.8888888888888888
R@1000,667,0.6829268292682927,0.6829268292682927,0.6829268292682927
R@1000,676,0.6122448979591837,0.6122448979591837,0.6122448979591837
R@1000,684,0.7317073170731707,0.7317073170731707,0.7317073170731707
R@1000,685,1.0,1.0,1.0
R@1000,687,0.8735632183908046,0.8735632183908046,0.8735632183908046
R@1000,688,0.32298136645962733,0.32298136645962733,0.32298136645962733
R@1000,696,0.967741935483871,0.967741935483871,0.967741935483871
R@1000,301,0.42857142857142855,0.42857142857142855,0.42857142857142855
R@1000,303,1.0,1.0,1.0
R@1000,305,0.5714285714285714,0.5714285714285714,0.5714285714285714
R@1000,312,0.45454545454545453,0.45454545454545453,0.45454545454545453
R@1000,327,0.8181818181818182,0.8181818181818182,0.8181818181818182
R@1000,328,0.625,0.625,0.625
R@1000,333,0.6,0.6,0.6
R@1000,337,0.5483870967741935,0.5483870967741935,0.5483870967741935
R@1000,342,0.55,0.55,0.55
R@1000,347,0.6118421052631579,0.6118421052631579,0.6118421052631579
R@1000,352,0.056910569105691054,0.056910569105691054,0.056910569105691054
R@1000,362,0.7948717948717948,0.7948717948717948,0.7948717948717948
R@1000,363,0.9375,0.9375,0.9375
R@1000,365,0.6285714285714286,0.6285714285714286,0.6285714285714286
R@1000,371,0.47058823529411764,0.47058823529411764,0.47058823529411764
R@1000,377,0.5641025641025641,0.5641025641025641,0.5641025641025641
R@1000,378,0.35714285714285715,0.35714285714285715,0.35714285714285715
R@1000,379,0.1875,0.1875,0.1875
R@1000,386,0.8421052631578947,0.8421052631578947,0.8421052631578947
R@1000,391,0.6629213483146067,0.6629213483146067,0.6629213483146067
R@1000,396,0.8135593220338984,0.8135593220338984,0.8135593220338984
R@1000,399,0.5588235294117647,0.5588235294117647,0.5588235294117647
R@1000,401,0.64,0.64,0.64
R@1000,414,0.7948717948717948,0.7948717948717948,0.7948717948717948
R@1000,423,0.7619047619047619,0.7619047619047619,0.7619047619047619
R@1000,428,0.5423728813559322,0.5423728813559322,0.5423728813559322
R@1000,429,0.9090909090909091,0.9090909090909091,0.9090909090909091
R@1000,436,0.9166666666666666,0.9166666666666666,0.9166666666666666
R@1000,437,0.375,0.375,0.375
R@1000,439,0.228310502283105,0.228310502283105,0.228310502283105
R@1000,442,0.3404255319148936,0.3404255319148936,0.3404255319148936
R@1000,443,0.6470588235294118,0.6470588235294118,0.6470588235294118
R@1000,444,0.6470588235294118,0.6470588235294118,0.6470588235294118
R@1000,447,0.1875,0.1875,0.1875
R@1000,603,0.8125,0.8125,0.8125
R@1000,615,0.75,0.75,0.75
R@1000,616,0.7560975609756098,0.7560975609756098,0.7560975609756098
R@1000,627,0.6785714285714286,0.6785714285714286,0.6785714285714286
R@1000,628,0.9615384615384616,0.9615384615384616,0.9615384615384616
R@1000,629,1.0,1.0,1.0
R@1000,649,0.8108108108108109,0.8108108108108109,0.8108108108108109
R@1000,673,0.6521739130434783,0.6521739130434783,0.6521739130434783
R@1000,677,0.8888888888888888,0.8888888888888888,0.8888888888888888
R@1000,680,1.0,1.0,1.0
R@1000,682,0.5609756097560976,0.5609756097560976,0.5609756097560976
R@1000,690,0.42857142857142855,0.42857142857142855,0.42857142857142855
R@1000,692,0.5555555555555556,0.5555555555555556,0.5555555555555556
R@1000,694,0.5909090909090909,0.5909090909090909,0.5909090909090909
R@1000,695,0.6853932584269663,0.6853932584269663,0.6853932584269663
R@1000,699,0.7887323943661971,0.7887323943661971,0.7887323943661971
R@1000,304,0.6071428571428571,0.6071428571428571,0.6071428571428571
R@1000,308,1.0,1.0,1.0
R@1000,309,0.0,0.0,0.0
R@1000,314,0.4318181818181818,0.4318181818181818,0.4318181818181818
R@1000,318,0.24778761061946902,0.24778761061946902,0.24778761061946902
R@1000,324,0.8695652173913043,0.8695652173913043,0.8695652173913043
R@1000,335,0.9848484848484849,0.9848484848484849,0.9848484848484849
R@1000,340,0.3333333333333333,0.3333333333333333,0.3333333333333333
R@1000,341,0.7564102564102564,0.7564102564102564,0.7564102564102564
R@1000,344,1.0,1.0,1.0
R@1000,345,0.9473684210526315,0.9473684210526315,0.9473684210526315
R@1000,348,0.0,0.0,0.0
R@1000,350,0.4117647058823529,0.4117647058823529,0.4117647058823529
R@1000,354,0.3490304709141274,0.3490304709141274,0.3490304709141274
R@1000,360,0.7218543046357616,0.7218543046357616,0.7218543046357616
R@1000,373,0.7575757575757576,0.7575757575757576,0.7575757575757576
R@1000,381,0.5,0.5,0.5
R@1000,382,0.7272727272727273,0.7272727272727273,0.7272727272727273
R@1000,384,1.0,1.0,1.0
R@1000,390,0.6343283582089553,0.6343283582089553,0.6343283582089553
R@1000,392,0.5047619047619047,0.5047619047619047,0.5047619047619047
R@1000,395,0.5821596244131455,0.5821596244131455,0.5821596244131455
R@1000,406,0.7692307692307693,0.7692307692307693,0.7692307692307693
R@1000,411,0.7037037037037037,0.7037037037037037,0.7037037037037037
R@1000,424,0.4269005847953216,0.4269005847953216,0.4269005847953216
R@1000,432,0.4642857142857143,0.4642857142857143,0.4642857142857143
R@1000,434,0.7146974063400576,0.7146974063400576,0.7146974063400576
R@1000,435,0.452991452991453,0.452991452991453,0.452991452991453
R@1000,446,0.5123456790123457,0.5123456790123457,0.5123456790123457
R@1000,604,0.875,0.875,0.875
R@1000,612,0.9411764705882353,0.9411764705882353,0.9411764705882353
R@1000,614,0.2,0.2,0.2
R@1000,617,0.7352941176470589,0.7352941176470589,0.7352941176470589
R@1000,621,0.7647058823529411,0.7647058823529411,0.7647058823529411
R@1000,622,0.5423728813559322,0.5423728813559322,0.5423728813559322
R@1000,633,0.8085106382978723,0.8085106382978723,0.8085106382978723
R@1000,637,0.5454545454545454,0.5454545454545454,0.5454545454545454
R@1000,643,0.896551724137931,0.896551724137931,0.896551724137931
R@1000,655,0.7142857142857143,0.7142857142857143,0.7142857142857143
R@1000,656,0.6036036036036037,0.6036036036036037,0.6036036036036037
R@1000,659,0.875,0.875,0.875
R@1000,668,0.6388888888888888,0.6388888888888888,0.6388888888888888
R@1000,669,0.6956521739130435,0.6956521739130435,0.6956521739130435
R@1000,670,0.5833333333333334,0.5833333333333334,0.5833333333333334
R@1000,674,0.7,0.7,0.7
R@1000,678,0.7894736842105263,0.7894736842105263,0.7894736842105263
R@1000,679,1.0,1.0,1.0
R@1000,681,0.9,0.9,0.9
R@1000,683,0.7766990291262136,0.7766990291262136,0.7766990291262136
R@1000,689,0.8235294117647058,0.8235294117647058,0.8235294117647058
R@1000,302,0.7692307692307693,0.7692307692307693,0.7692307692307693
R@1000,315,0.7014925373134329,0.7014925373134329,0.7014925373134329
R@1000,321,0.4975369458128079,0.4975369458128079,0.4975369458128079
R@1000,322,0.5588235294117647,0.5588235294117647,0.5588235294117647
R@1000,338,0.75,0.75,0.75
R@1000,349,0.3287671232876712,0.3287671232876712,0.3287671232876712
R@1000,351,0.875,0.875,0.875
R@1000,353,0.6229508196721312,0.6229508196721312,0.6229508196721312
R@1000,355,0.5555555555555556,0.5555555555555556,0.5555555555555556
R@1000,358,0.8823529411764706,0.8823529411764706,0.8823529411764706
R@1000,359,0.6428571428571429,0.6428571428571429,0.6428571428571429
R@1000,364,0.8285714285714286,0.8285714285714286,0.8285714285714286
R@1000,372,0.8571428571428571,0.8571428571428571,0.8571428571428571
R@1000,375,0.425,0.425,0.425
R@1000,388,0.3137254901960784,0.3137254901960784,0.3137254901960784
R@1000,389,0.28865979381443296,0.28865979381443296,0.28865979381443296
R@1000,393,0.16901408450704225,0.16901408450704225,0.16901408450704225
R@1000,400,0.816,0.816,0.816
R@1000,403,0.9523809523809523,0.9523809523809523,0.9523809523809523
R@1000,404,0.7112676056338029,0.7112676056338029,0.7112676056338029
R@1000,407,0.5588235294117647,0.5588235294117647,0.5588235294117647
R@1000,408,0.6779661016949152,0.6779661016949152,0.6779661016949152
R@1000,417,0.4533333333333333,0.4533333333333333,0.4533333333333333
R@1000,422,0.7828947368421053,0.7828947368421053,0.7828947368421053
R@1000,430,1.0,1.0,1.0
R@1000,431,0.5461538461538461,0.5461538461538461,0.5461538461538461
R@1000,450,0.6996587030716723,0.6996587030716723,0.6996587030716723
R@1000,602,0.9047619047619048,0.9047619047619048,0.9047619047619048
R@1000,608,0.6296296296296297,0.6296296296296297,0.6296296296296297
R@1000,611,0.9183673469387755,0.9183673469387755,0.9183673469387755
R@1000,620,0.7777777777777778,0.7777777777777778,0.7777777777777778
R@1000,625,0.7777777777777778,0.7777777777777778,0.7777777777777778
R@1000,630,1.0,1.0,1.0
R@1000,638,0.6285714285714286,0.6285714285714286,0.6285714285714286
R@1000,639,0.78125,0.78125,0.78125
R@1000,640,0.6744186046511628,0.6744186046511628,0.6744186046511628
R@1000,642,0.8974358974358975,0.8974358974358975,0.8974358974358975
R@1000,653,0.9466666666666667,0.9466666666666667,0.9466666666666667
R@1000,654,0.9473684210526315,0.9473684210526315,0.9473684210526315
R@1000,657,0.625,0.625,0.625
R@1000,658,0.6140350877192983,0.6140350877192983,0.6140350877192983
R@1000,660,0.9642857142857143,0.9642857142857143,0.9642857142857143
R@1000,661,0.9411764705882353,0.9411764705882353,0.9411764705882353
R@1000,665,0.9473684210526315,0.9473684210526315,0.9473684210526315
R@1000,671,0.44285714285714284,0.44285714285714284,0.44285714285714284
R@1000,686,0.875,0.875,0.875
R@1000,693,0.7037037037037037,0.7037037037037037,0.7037037037037037
R@1000,697,0.62,0.62,0.62
R@1000,700,0.5166666666666667,0.5166666666666667,0.5166666666666667
RR,307,1.0,1.0,1.0
RR,310,1.0,1.0,1.0
RR,311,1.0,1.0,1.0
RR,316,1.0,1.0,1.0
RR,317,1.0,1.0,1.0
RR,319,0.05263157894736842,0.5,0.05263157894736842
RR,320,0.05555555555555555,0.043478260869565216,0.05555555555555555
RR,325,0.3333333333333333,0.16666666666666666,0.3333333333333333
RR,326,0.3333333333333333,1.0,0.3333333333333333
RR,331,1.0,1.0,1.0
RR,334,1.0,1.0,1.0
RR,339,0.2,0.16666666666666666,0.2
RR,346,0.5,1.0,0.5
RR,356,0.25,0.09090909090909091,0.25
RR,361,1.0,1.0,1.0
RR,368,1.0,1.0,1.0
RR,369,1.0,1.0,1.0
RR,370,0.3333333333333333,1.0,0.3333333333333333
RR,397,1.0,1.0,1.0
RR,398,1.0,1.0,1.0
RR,405,0.5,1.0,0.5
RR,409,0.5,1.0,0.5
RR,412,0.5,1.0,0.5
RR,413,0.025,0.043478260869565216,0.025
RR,415,1.0,1.0,1.0
RR,419,1.0,1.0,1.0
RR,421,0.5,1.0,0.5
RR,438,1.0,1.0,1.0
RR,441,1.0,1.0,1.0
RR,609,1.0,1.0,1.0
RR,610,0.04,0.023809523809523808,0.04
RR,613,1.0,1.0,1.0
RR,623,0.034482758620689655,0.06666666666666667,0.034482758620689655
RR,624,0.25,0.5,0.25
RR,626,1.0,1.0,1.0
RR,631,1.0,1.0,1.0
RR,634,1.0,1.0,1.0
RR,635,1.0,1.0,1.0
RR,641,0.5,1.0,0.5
RR,644,1.0,1.0,1.0
RR,645,1.0,1.0,1.0
RR,646,1.0,1.0,1.0
RR,647,1.0,1.0,1.0
RR,650,0.3333333333333333,0.2,0.3333333333333333
RR,651,0.2,0.14285714285714285,0.2
RR,652,1.0,1.0,1.0
RR,666,0.08333333333333333,0.018867924528301886,0.08333333333333333
RR,675,1.0,1.0,1.0
RR,691,1.0,1.0,1.0
RR,698,1.0,1.0,1.0
RR,306,1.0,1.0,1.0
RR,313,1.0,1.0,1.0
RR,323,1.0,1.0,1.0
RR,329,1.0,1.0,1.0
RR,330,1.0,1.0,1.0
RR,332,0.125,1.0,0.125
RR,336,0.125,0.14285714285714285,0.125
RR,343,1.0,1.0,1.0
RR,357,1.0,1.0,1.0
RR,366,0.5,1.0,0.5
RR,367,0.2,1.0,0.2
RR,374,1.0,1.0,1.0
RR,376,1.0,1.0,1.0
RR,380,1.0,1.0,1.0
RR,383,0.14285714285714285,0.3333333333333333,0.14285714285714285
RR,385,1.0,1.0,1.0
RR,387,1.0,1.0,1.0
RR,394,1.0,1.0,1.0
RR,402,1.0,1.0,1.0
RR,410,1.0,1.0,1.0
RR,416,0.25,1.0,0.25
RR,418,0.2,0.3333333333333333,0.2
RR,420,1.0,1.0,1.0
RR,425,1.0,1.0,1.0
RR,426,1.0,1.0,1.0
RR,427,0.5,1.0,0.5
RR,433,0.1,0.04,0.1
RR,440,1.0,1.0,1.0
RR,445,1.0,1.0,1.0
RR,448,0.5,1.0,0.5
RR,449,0.3333333333333333,0.2,0.3333333333333333
RR,601,1.0,1.0,1.0
RR,605,1.0,1.0,1.0
RR,606,1.0,1.0,1.0
RR,607,0.3333333333333333,0.058823529411764705,0.3333333333333333
RR,618,0.043478260869565216,0.04,0.043478260869565216
RR,619,0.5,1.0,0.5
RR,632,1.0,1.0,1.0
RR,636,1.0,1.0,1.0
RR,648,1.0,1.0,1.0
RR,662,1.0,1.0,1.0
RR,663,1.0,1.0,1.0
RR,664,1.0,1.0,1.0
RR,667,1.0,1.0,1.0
RR,676,0.3333333333333333,1.0,0.3333333333333333
RR,684,0.125,0.25,0.125
RR,685,1.0,1.0,1.0
RR,687,1.0,1.0,1.0
RR,688,1.0,1.0,1.0
RR,696,1.0,1.0,1.0
RR,301,1.0,1.0,1.0
RR,303,0.1111111111111111,0.125,0.1111111111111111
RR,305,1.0,1.0,1.0
RR,312,1.0,1.0,1.0
RR,327,1.0,1.0,1.0
RR,328,1.0,1.0,1.0
RR,333,1.0,1.0,1.0
RR,337,1.0,1.0,1.0
RR,342,0.1111111111111111,0.14285714285714285,0.1111111111111111
RR,347,0.0625,0.25,0.0625
RR,352,1.0,1.0,1.0
RR,362,1.0,1.0,1.0
RR,363,0.3333333333333333,1.0,0.3333333333333333
RR,365,1.0,1.0,1.0
RR,371,0.07142857142857142,0.002824858757062147,0.07142857142857142
RR,377,0.5,1.0,0.5
RR,378,0.07142857142857142,0.024390243902439025,0.07142857142857142
RR,379,1.0,1.0,1.0
RR,386,1.0,1.0,1.0
RR,391,1.0,1.0,1.0
RR,396,1.0,1.0,1.0
RR,399,1.0,1.0,1.0
RR,401,1.0,1.0,1.0
RR,414,1.0,1.0,1.0
RR,423,1.0,1.0,1.0
RR,428,1.0,1.0,1.0
RR,429,1.0,1.0,1.0
RR,436,1.0,1.0,1.0
RR,437,0.037037037037037035,0.014705882352941176,0.037037037037037035
RR,439,0.25,0.03125,0.25
RR,442,0.5,1.0,0.5
RR,443,1.0,1.0,1.0
RR,444,1.0,1.0,1.0
RR,447,0.009708737864077669,0.005649717514124294,0.009708737864077669
RR,603,1.0,1.0,1.0
RR,615,0.09090909090909091,0.08333333333333333,0.09090909090909091
RR,616,1.0,1.0,1.0
RR,627,0.045454545454545456,0.03571428571428571,0.045454545454545456
RR,628,0.125,0.1,0.125
RR,629,1.0,1.0,1.0
RR,649,1.0,1.0,1.0
RR,673,1.0,1.0,1.0
RR,677,1.0,1.0,1.0
RR,680,1.0,1.0,1.0
RR,682,0.5,1.0,0.5
RR,690,0.022222222222222223,0.009174311926605505,0.022222222222222223
RR,692,1.0,1.0,1.0
RR,694,0.3333333333333333,1.0,0.3333333333333333
RR,695,1.0,1.0,1.0
RR,699,0.5,1.0,0.5
RR,304,1.0,1.0,1.0
RR,308,1.0,1.0,1.0
RR,309,0.0,0.0,0.0
RR,314,1.0,1.0,1.0
RR,318,1.0,1.0,1.0
RR,324,1.0,1.0,1.0
RR,335,1.0,1.0,1.0
RR,340,1.0,1.0,1.0
RR,341,0.5,1.0,0.5
RR,344,0.5,1.0,0.5
RR,345,1.0,1.0,1.0
RR,348,0.0,0.0,0.0
RR,350,1.0,1.0,1.0
RR,354,0.3333333333333333,0.125,0.3333333333333333
RR,360,1.0,1.0,1.0
RR,373,1.0,1.0,1.0
RR,381,1.0,1.0,1.0
RR,382,1.0,1.0,1.0
RR,384,0.5,1.0,0.5
RR,390,1.0,1.0,1.0
RR,392,1.0,1.0,1.0
RR,395,0.3333333333333333,1.0,0.3333333333333333
RR,406,0.2,0.25,0.2
RR,411,1.0,1.0,1.0
RR,424,0.041666666666666664,0.25,0.041666666666666664
RR,432,0.05263157894736842,0.01694915254237288,0.05263157894736842
RR,434,1.0,1.0,1.0
RR,435,0.3333333333333333,0.25,0.3333333333333333
RR,446,1.0,1.0,1.0
RR,604,1.0,1.0,1.0
RR,612,0.2,0.16666666666666666,0.2
RR,614,1.0,1.0,1.0
RR,617,1.0,1.0,1.0
RR,621,1.0,1.0,1.0
RR,622,1.0,1.0,1.0
RR,633,1.0,1.0,1.0
RR,637,1.0,1.0,1.0
RR,643,0.5,1.0,0.5
RR,655,1.0,1.0,1.0
RR,656,1.0,1.0,1.0
RR,659,1.0,1.0,1.0
RR,668,0.08333333333333333,0.05,0.08333333333333333
RR,669,0.03571428571428571,0.02631578947368421,0.03571428571428571
RR,670,1.0,1.0,1.0
RR,674,1.0,1.0,1.0
RR,678,1.0,1.0,1.0
RR,679,0.5,1.0,0.5
RR,681,1.0,1.0,1.0
RR,683,1.0,1.0,1.0
RR,689,0.2,0.022727272727272728,0.2
RR,302,1.0,1.0,1.0
RR,315,0.1111111111111111,0.023255813953488372,0.1111111111111111
RR,321,1.0,1.0,1.0
RR,322,0.3333333333333333,0.3333333333333333,0.3333333333333333
RR,338,0.5,1.0,0.5
RR,349,1.0,1.0,1.0
RR,351,1.0,1.0,1.0
RR,353,0.5,1.0,0.5
RR,355,1.0,1.0,1.0
RR,358,1.0,1.0,1.0
RR,359,0.3333333333333333,0.03333333333333333,0.3333333333333333
RR,364,1.0,1.0,1.0
RR,372,1.0,1.0,1.0
RR,375,1.0,1.0,1.0
RR,388,0.14285714285714285,0.02040816326530612,0.14285714285714285
RR,389,1.0,1.0,1.0
RR,393,1.0,1.0,1.0
RR,400,1.0,1.0,1.0
RR,403,1.0,1.0,1.0
RR,404,0.05555555555555555,0.038461538461538464,0.05555555555555555
RR,407,1.0,1.0,1.0
RR,408,0.25,0.25,0.25
RR,417,1.0,1.0,1.0
RR,422,1.0,1.0,1.0
RR,430,1.0,1.0,1.0
RR,431,1.0,1.0,1.0
RR,450,1.0,1.0,1.0
RR,602,1.0,1.0,1.0
RR,608,1.0,1.0,1.0
RR,611,1.0,1.0,1.0
RR,620,0.03571428571428571,0.041666666666666664,0.03571428571428571
RR,625,1.0,1.0,1.0
RR,630,1.0,1.0,1.0
RR,638,0.3333333333333333,0.16666666666666666,0.3333333333333333
RR,639,1.0,1.0,1.0
RR,640,1.0,1.0,1.0
RR,642,0.022727272727272728,1.0,0.022727272727272728
RR,653,1.0,1.0,1.0
RR,654,1.0,1.0,1.0
RR,657,1.0,1.0,1.0
RR,658,1.0,1.0,1.0
RR,660,1.0,1.0,1.0
RR,661,1.0,1.0,1.0
RR,665,1.0,1.0,1.0
RR,671,1.0,1.0,1.0
RR,686,0.5,1.0,0.5
RR,693,1.0,1.0,1.0
RR,697,0.5,1.0,0.5
RR,700,1.0,1.0,1.0
nDCG@10,307,0.6399441431116327,0.6987957033953602,0.6399441431116327
nDCG@10,310,0.5384313152574521,0.6332196796270029,0.5384313152574521
nDCG@10,311,0.804810999209339,0.8115558478722846,0.804810999209339
nDCG@10,316,0.22009176629808017,0.22009176629808017,0.22009176629808017
nDCG@10,317,0.5473983622993502,0.6371523797895856,0.5473983622993502
nDCG@10,319,0.0,0.14201905717762703,0.0
nDCG@10,320,0.0,0.0,0.0
nDCG@10,325,0.18340980524840012,0.0,0.18340980524840012
nDCG@10,326,0.48964844873235525,0.3589542101716347,0.48964844873235525
nDCG@10,331,0.933745776545611,1.0,0.933745776545611
nDCG@10,334,0.23504554941448536,0.23504554941448536,0.23504554941448536
nDCG@10,339,0.23690530871965634,0.0,0.23690530871965634
nDCG@10,346,0.28088150105118154,0.47338717040861195,0.28088150105118154
nDCG@10,356,0.09478836436955078,0.0,0.09478836436955078
nDCG@10,361,0.45749139526970894,0.4845713881969346,0.45749139526970894
nDCG@10,368,0.933745776545611,0.9363792118010483,0.933745776545611
nDCG@10,369,0.6489315753318465,0.6489315753318465,0.6489315753318465
nDCG@10,370,0.2735872697693364,0.0,0.2735872697693364
nDCG@10,397,0.8415908474314976,0.7846170207230129,0.8415908474314976
nDCG@10,398,0.6528642754944294,0.8630152897016883,0.6528642754944294
nDCG@10,405,0.46692474155501895,0.7503359712972109,0.46692474155501895
nDCG@10,409,0.40995091484653445,0.6274092458891772,0.40995091484653445
nDCG@10,412,0.7799082337019199,1.0,0.7799082337019199
nDCG@10,413,0.0,0.12987501165334076,0.0
nDCG@10,415,0.6691255538181726,0.8512360941594274,0.6691255538181726
nDCG@10,419,0.22009176629808017,0.22009176629808017,0.22009176629808017
nDCG@10,421,0.3436966913921454,0.49118023727106,0.3436966913921454
nDCG@10,438,0.42914113378860647,0.4505655760587972,0.42914113378860647
nDCG@10,441,0.702728403557943,0.772837825180752,0.702728403557943
nDCG@10,609,0.46803894352310405,0.4480647002854054,0.46803894352310405
nDCG@10,610,0.0,0.0,0.0
nDCG@10,613,0.32291168898636957,0.33602724721825067,0.32291168898636957
nDCG@10,623,0.0,0.0,0.0
nDCG@10,624,0.2527326844805438,0.0,0.2527326844805438
nDCG@10,626,0.727329844310522,0.7909506325094737,0.727329844310522
nDCG@10,631,0.3372855687869864,0.3236681307829783,0.3372855687869864
nDCG@10,634,0.6332196796270029,0.7007731679885374,0.6332196796270029
nDCG@10,635,0.7682269253321375,0.933745776545611,0.7682269253321375
nDCG@10,641,0.24261785528500335,0.4147939145642796,0.24261785528500335
nDCG@10,644,0.3609205602529261,0.3609205602529261,0.3609205602529261
nDCG@10,645,0.6457502264140174,0.7350019264324643,0.6457502264140174
nDCG@10,646,0.6481486656265848,0.6531783742719491,0.6481486656265848
nDCG@10,647,0.5662162310604797,0.6474026917887039,0.5662162310604797
nDCG@10,650,0.07491210085649577,0.10962735030186625,0.07491210085649577
nDCG@10,651,0.1298982802325927,0.0,0.1298982802325927
nDCG@10,652,0.675416025555764,1.0,0.675416025555764
nDCG@10,666,0.0,0.0,0.0
nDCG@10,675,0.3589542101716347,0.42838543210841196,0.3589542101716347
nDCG@10,691,0.42520843362602373,0.43735247915031,0.42520843362602373
nDCG@10,698,0.24445218882151876,0.3215682684481009,0.24445218882151876
nDCG@10,306,0.7917267193679839,0.7753366239771086,0.7917267193679839
nDCG@10,313,1.0,1.0,1.0
nDCG@10,323,0.7312625444731047,0.6172839611614819,0.7312625444731047
nDCG@10,329,1.0,0.9363792118010483,1.0
nDCG@10,330,0.5861163849908828,0.7909506325094737,0.5861163849908828
nDCG@10,332,0.199306233590118,0.42257499837058643,0.199306233590118
nDCG@10,336,0.13568544539116628,0.07336392209936005,0.13568544539116628
nDCG@10,343,0.5365535816822092,0.5181190644203317,0.5365535816822092
nDCG@10,357,0.6547216238913564,0.9266360779006401,0.6547216238913564
nDCG@10,366,0.6188656458779801,0.6867151830982591,0.6188656458779801
nDCG@10,367,0.3667803203729971,0.42333070005078094,0.3667803203729971
nDCG@10,374,0.530263109944618,0.684383072597662,0.530263109944618
nDCG@10,376,0.33013764944712026,0.5009732673492616,0.33013764944712026
nDCG@10,380,0.41231449937143627,0.4483039899025303,0.41231449937143627
nDCG@10,383,0.14279514403613733,0.19518900079066107,0.14279514403613733
nDCG@10,385,1.0,1.0,1.0
nDCG@10,387,0.3679212572135327,0.4537425745411855,0.3679212572135327
nDCG@10,394,0.33013764944712026,0.33013764944712026,0.33013764944712026
nDCG@10,402,0.7791714369672127,0.8603818544462509,0.7791714369672127
nDCG@10,410,1.0,1.0,1.0
nDCG@10,416,0.1610425878239398,0.3557772116892465,0.1610425878239398
nDCG@10,418,0.22793826167775827,0.2520649403266671,0.22793826167775827
nDCG@10,420,0.5631102580041939,0.6809047493604335,0.5631102580041939
nDCG@10,425,1.0,1.0,1.0
nDCG@10,426,0.5711601909662336,0.8200685179888283,0.5711601909662336
nDCG@10,427,0.44903378752009243,0.5100691314582919,0.44903378752009243
nDCG@10,433,0.06362078819895171,0.0,0.06362078819895171
nDCG@10,440,0.84860265890399,0.8553475075669357,0.84860265890399
nDCG@10,445,1.0,1.0,1.0
nDCG@10,448,0.13886244387355454,0.22009176629808017,0.13886244387355454
nDCG@10,449,0.3372080579682881,0.23690530871965634,0.3372080579682881
nDCG@10,601,0.49392169351461673,0.5017255542677838,0.49392169351461673
nDCG@10,605,0.5067837010870873,0.6678262889110271,0.5067837010870873
nDCG@10,606,0.4590828233913731,0.4590828233913731,0.4590828233913731
nDCG@10,607,0.34695119186869644,0.0,0.34695119186869644
nDCG@10,618,0.0,0.0,0.0
nDCG@10,619,0.496060204718541,0.6452941860768383,0.496060204718541
nDCG@10,632,0.6450363399614679,0.6064533028295918,0.6450363399614679
nDCG@10,636,0.33455590596285223,0.3309705620715738,0.33455590596285223
nDCG@10,648,0.8975828762407047,0.8591813986343119,0.8975828762407047
nDCG@10,662,0.5723989089721838,0.5653963926523202,0.5723989089721838
nDCG@10,663,0.5993294818993699,0.6434035614033737,0.5993294818993699
nDCG@10,664,0.8740453025662304,0.8740453025662304,0.8740453025662304
nDCG@10,667,0.8236998933965709,0.8521705090845474,0.8236998933965709
nDCG@10,676,0.2623743625327685,0.24769767862149777,0.2623743625327685
nDCG@10,684,0.034715610968388634,0.1610425878239398,0.034715610968388634
nDCG@10,685,0.14074267220463055,0.34059650389434876,0.14074267220463055
nDCG@10,687,0.36656859685764676,0.4567167628542453,0.36656859685764676
nDCG@10,688,0.3932783996463063,0.39092738420022166,0.3932783996463063
nDCG@10,696,0.5239294981581574,0.587550286357109,0.5239294981581574
nDCG@10,301,0.7631925784528223,0.8165901947515999,0.7631925784528223
nDCG@10,303,0.06625422345438903,0.06943122193677727,0.06625422345438903
nDCG@10,305,0.33013764944712026,0.3589542101716347,0.33013764944712026
nDCG@10,312,0.30523488393970116,0.3589542101716347,0.30523488393970116
nDCG@10,327,0.42520843362602373,0.4690000933206748,0.42520843362602373
nDCG@10,328,0.40888058204748884,0.4408943060551852,0.40888058204748884
nDCG@10,333,0.6528642754944294,0.7215194105726964,0.6528642754944294
nDCG@10,337,0.542042305486879,0.5572998242663684,0.542042305486879
nDCG@10,342,0.06625422345438903,0.07336392209936005,0.06625422345438903
nDCG@10,347,0.0,0.09478836436955078,0.0
nDCG@10,352,0.3557772116892465,0.4569970750177365,0.3557772116892465
nDCG@10,362,0.22009176629808017,0.22009176629808017,0.22009176629808017
nDCG@10,363,0.4198523768135526,0.4440973278132557,0.4198523768135526
nDCG@10,365,0.8701249883466593,0.9363792118010483,0.8701249883466593
nDCG@10,371,0.0,0.0,0.0
nDCG@10,377,0.35031272298795885,0.28952298823485745,0.35031272298795885
nDCG@10,378,0.0,0.0,0.0
nDCG@10,379,0.22009176629808017,0.4440973278132557,0.22009176629808017
nDCG@10,386,0.22009176629808017,0.22009176629808017,0.22009176629808017
nDCG@10,391,1.0,0.9363792118010483,1.0
nDCG@10,396,0.933745776545611,0.933745776545611,0.933745776545611
nDCG@10,399,0.6300426811446146,0.6332196796270029,0.6300426811446146
nDCG@10,401,0.84860265890399,1.0,0.84860265890399
nDCG@10,414,0.642186726668901,0.7720617383222417,0.642186726668901
nDCG@10,423,0.48471198902551854,0.5199967979955745,0.48471198902551854
nDCG@10,428,0.914856882358379,0.857980942822373,0.914856882358379
nDCG@10,429,0.6840182226156365,0.684383072597662,0.6840182226156365
nDCG@10,436,0.8364586133797037,0.8364586133797037,0.8364586133797037
nDCG@10,437,0.0,0.0,0.0
nDCG@10,439,0.1610425878239398,0.0,0.1610425878239398
nDCG@10,442,0.2835149363066189,0.6816808362189438,0.2835149363066189
nDCG@10,443,0.7859162856301584,0.8318477135310893,0.7859162856301584
nDCG@10,444,0.30523488393970116,0.5326208815196265,0.30523488393970116
nDCG@10,447,0.0,0.0,0.0
nDCG@10,603,0.5750653512381304,0.6560394378229127,0.5750653512381304
nDCG@10,615,0.0,0.0,0.0
nDCG@10,616,0.4978323764997051,0.5488638336926377,0.4978323764997051
nDCG@10,627,0.0,0.0,0.0
nDCG@10,628,0.12086992363525319,0.03858303713187618,0.12086992363525319
nDCG@10,629,0.7598828965230275,0.8141547051241883,0.7598828965230275
nDCG@10,649,0.756902106715231,0.7849818707050383,0.756902106715231
nDCG@10,673,0.6125332684763088,0.6383475551737928,0.6125332684763088
nDCG@10,677,0.7601505373126665,0.7659828052992199,0.7601505373126665
nDCG@10,680,0.30477540103755446,0.37963509989763145,0.30477540103755446
nDCG@10,682,0.12632038158915893,0.44297976246753823,0.12632038158915893
nDCG@10,690,0.0,0.0,0.0
nDCG@10,692,0.4852537422563722,0.46772540004073704,0.4852537422563722
nDCG@10,694,0.37663775446577935,0.6201389632605315,0.37663775446577935
nDCG@10,695,0.23155997967305536,0.33707020540303884,0.23155997967305536
nDCG@10,699,0.5501126236272343,0.7183424120903081,0.5501126236272343
nDCG@10,304,0.43810818083050457,0.22009176629808017,0.43810818083050457
nDCG@10,308,0.3903800499921017,0.3903800499921017,0.3903800499921017
nDCG@10,309,0.0,0.0,0.0
nDCG@10,314,0.3589542101716347,0.42838543210841196,0.3589542101716347
nDCG@10,318,0.3589542101716347,0.42520843362602373,0.3589542101716347
nDCG@10,324,1.0,1.0,1.0
nDCG@10,335,0.8611375561264454,0.933745776545611,0.8611375561264454
nDCG@10,340,0.857980942822373,0.9266360779006401,0.857980942822373
nDCG@10,341,0.38541299932114065,0.7191184989488184,0.38541299932114065
nDCG@10,344,0.4912596920895758,0.8013122149737618,0.4912596920895758
nDCG@10,345,0.5473983622993502,0.5473983622993502,0.5473983622993502
nDCG@10,348,0.0,0.0,0.0
nDCG@10,350,0.5695785062497354,0.9363792118010483,0.5695785062497354
nDCG@10,354,0.24309789328476902,0.13568544539116628,0.24309789328476902
nDCG@10,360,0.9305687780632227,0.9266360779006401,0.9305687780632227
nDCG@10,373,0.2934556883974402,0.3589542101716347,0.2934556883974402
nDCG@10,381,0.28952298823485745,0.22009176629808017,0.28952298823485745
nDCG@10,382,0.9363792118010483,1.0,0.9363792118010483
nDCG@10,384,0.13886244387355454,0.22009176629808017,0.13886244387355454
nDCG@10,390,0.5919268187287083,0.605504765619221,0.5919268187287083
nDCG@10,392,0.857980942822373,0.914856882358379,0.857980942822373
nDCG@10,395,0.11004588314904008,0.30523488393970116,0.11004588314904008
nDCG@10,406,0.1635413866202963,0.1731866333482261,0.1635413866202963
nDCG@10,411,0.3995688713838975,0.5036067026046991,0.3995688713838975
nDCG@10,424,0.0,0.1610425878239398,0.0
nDCG@10,432,0.0,0.0,0.0
nDCG@10,434,1.0,1.0,1.0
nDCG@10,435,0.17630010660342912,0.1610425878239398,0.17630010660342912
nDCG@10,446,0.6274092458891772,0.727329844310522,0.6274092458891772
nDCG@10,604,0.8121219432967393,0.8328083299402967,0.8121219432967393
nDCG@10,612,0.14539148150909986,0.0739147454577263,0.14539148150909986
nDCG@10,614,0.4111760266325362,0.47917747958042156,0.4111760266325362
nDCG@10,617,0.26220821964975516,0.28731335243728084,0.26220821964975516
nDCG@10,621,0.8537590083257416,0.8601100728327754,0.8537590083257416
nDCG@10,622,0.5108371309597195,0.548226059314825,0.5108371309597195
nDCG@10,633,0.5704671511387556,0.5213133340481094,0.5704671511387556
nDCG@10,637,0.4592647145931825,0.5486526117403123,0.4592647145931825
nDCG@10,643,0.21609593270580457,0.22064943495152367,0.21609593270580457
nDCG@10,655,0.3226011484953325,0.415853793455087,0.3226011484953325
nDCG@10,656,0.6948630032327774,0.699833379278188,0.6948630032327774
nDCG@10,659,0.6372211215658973,0.6874226656379225,0.6372211215658973
nDCG@10,668,0.0,0.0,0.0
nDCG@10,669,0.0,0.0,0.0
nDCG@10,670,0.24464556152396125,0.4080157475003957,0.24464556152396125
nDCG@10,674,0.4985723557253838,0.5810820381115676,0.4985723557253838
nDCG@10,678,0.3481533333551303,0.4294106238828734,0.3481533333551303
nDCG@10,679,0.7928580195906539,0.9361705073520016,0.7928580195906539
nDCG@10,681,0.5990343223206818,0.423091000467482,0.5990343223206818
nDCG@10,683,0.8473825580301494,0.9052116356304493,0.8473825580301494
nDCG@10,689,0.04257155882081049,0.0,0.04257155882081049
nDCG@10,302,0.7778721720600673,0.8318477135310893,0.7778721720600673
nDCG@10,315,0.06625422345438903,0.0,0.06625422345438903
nDCG@10,321,1.0,1.0,1.0
nDCG@10,322,0.1736666713479918,0.11004588314904008,0.1736666713479918
nDCG@10,338,0.3764290720714305,0.5413996682199069,0.3764290720714305
nDCG@10,349,0.6719377023185354,0.6936634693435663,0.6719377023185354
nDCG@10,351,1.0,1.0,1.0
nDCG@10,353,0.2835149363066189,0.6687607038361472,0.2835149363066189
nDCG@10,355,0.2984900352767555,0.3785988060390612,0.2984900352767555
nDCG@10,358,0.6325414799409712,0.7819835854675755,0.6325414799409712
nDCG@10,359,0.11004588314904008,0.0,0.11004588314904008
nDCG@10,364,0.8236998933965709,0.8643145546088337,0.8236998933965709
nDCG@10,372,0.9305687780632227,0.857980942822373,0.9305687780632227
nDCG@10,375,0.4885468020156227,0.6547216238913564,0.4885468020156227
nDCG@10,388,0.07336392209936005,0.0,0.07336392209936005
nDCG@10,389,0.48153499054313026,0.5884674004369673,0.48153499054313026
nDCG@10,393,0.3746661058764784,0.5224955967919311,0.3746661058764784
nDCG@10,400,0.9216017310213247,0.9216017310213247,0.9216017310213247
nDCG@10,403,0.7975167679274937,0.8643145546088337,0.7975167679274937
nDCG@10,404,0.0,0.0,0.0
nDCG@10,407,0.4985723557253838,0.605504765619221,0.4985723557253838
nDCG@10,408,0.09478836436955078,0.24618570546556082,0.09478836436955078
nDCG@10,417,0.7191184989488184,0.772837825180752,0.7191184989488184
nDCG@10,422,0.933745776545611,1.0,0.933745776545611
nDCG@10,430,0.8021574504628255,0.8760157235037966,0.8021574504628255
nDCG@10,431,1.0,1.0,1.0
nDCG@10,450,0.6683063269107928,0.6332196796270029,0.6683063269107928
nDCG@10,602,0.4925246673472291,0.41167231297784956,0.4925246673472291
nDCG@10,608,0.3495898039969803,0.2996484034259831,0.3495898039969803
nDCG@10,611,0.45504618988377193,0.49464812330210356,0.45504618988377193
nDCG@10,620,0.0,0.0,0.0
nDCG@10,625,0.5086174916863332,0.5754225384990884,0.5086174916863332
nDCG@10,630,0.973012231497734,0.973012231497734,0.973012231497734
nDCG@10,638,0.10206510770605066,0.08785941583647709,0.10206510770605066
nDCG@10,639,0.756902106715231,0.8236998933965709,0.756902106715231
nDCG@10,640,0.6448537604358657,0.6713714140128425,0.6448537604358657
nDCG@10,642,0.0,0.22009176629808017,0.0
nDCG@10,653,0.7641616656875092,0.7290277908427998,0.7641616656875092
nDCG@10,654,0.793584067764911,0.8701249883466593,0.793584067764911
nDCG@10,657,0.5839456847720096,0.7419649962059511,0.5839456847720096
nDCG@10,658,0.6489315753318465,0.7640118053602019,0.6489315753318465
nDCG@10,660,0.7804105564474983,0.7813802702121365,0.7804105564474983
nDCG@10,661,0.8472127172921033,0.7557220027705998,0.8472127172921033
nDCG@10,665,0.3227285426577275,0.27058427781116956,0.3227285426577275
nDCG@10,671,0.36909854112772383,0.35984556847091803,0.36909854112772383
nDCG@10,686,0.307907328362021,0.3185860821011082,0.307907328362021
nDCG@10,693,0.392897315754228,0.43159009075598265,0.392897315754228
nDCG@10,697,0.45885416058566464,0.6277347959280174,0.45885416058566464
nDCG@10,700,0.6225074584919075,0.6925781202930996,0.6225074584919075
nDCG@100,307,0.3603945281278941,0.4416868915305815,0.3603945281278941
nDCG@100,310,0.48626282712929497,0.624071649029958,0.48626282712929497
nDCG@100,311,0.4119284969519376,0.4904187601189814,0.4119284969519376
nDCG@100,316,0.16009060422260515,0.1821975827352456,0.16009060422260515
nDCG@100,317,0.5792335038096701,0.6068298499451152,0.5792335038096701
nDCG@100,319,0.1286207160250565,0.12440992364172827,0.1286207160250565
nDCG@100,320,0.3687401390938467,0.3315326448629517,0.3687401390938467
nDCG@100,325,0.24398213732680937,0.20723339961358284,0.24398213732680937
nDCG@100,326,0.5193269864234692,0.7106149974370904,0.5193269864234692
nDCG@100,331,0.6947508986652597,0.7085586294198268,0.6947508986652597
nDCG@100,334,0.2786345170115305,0.2834289312453797,0.2786345170115305
nDCG@100,339,0.4851384245012768,0.42832111030622405,0.4851384245012768
nDCG@100,346,0.15557172721134357,0.21937175917899662,0.15557172721134357
nDCG@100,356,0.23417687475008728,0.10296744503713431,0.23417687475008728
nDCG@100,361,0.6632867770721304,0.6987691943146774,0.6632867770721304
nDCG@100,368,0.7344630768311267,0.7422071304654777,0.7344630768311267
nDCG@100,369,0.6729862957800105,0.6805389043887639,0.6729862957800105
nDCG@100,370,0.3608873979800924,0.2534385245969875,0.3608873979800924
nDCG@100,397,0.8745729327797289,0.8730206309909125,0.8745729327797289
nDCG@100,398,0.3928739839627638,0.4272100340121228,0.3928739839627638
nDCG@100,405,0.5618970058909115,0.6901231563251181,0.5618970058909115
nDCG@100,409,0.2999600426883537,0.3914654556038638,0.2999600426883537
nDCG@100,412,0.5668980742988441,0.6413152078978852,0.5668980742988441
nDCG@100,413,0.0633250225940126,0.1059430567586635,0.0633250225940126
nDCG@100,415,0.27890115224236656,0.38514476432886563,0.27890115224236656
nDCG@100,419,0.3427912553846875,0.3866799948727797,0.3427912553846875
nDCG@100,421,0.14540973951900166,0.17936668078800877,0.14540973951900166
nDCG@100,438,0.3444951419479893,0.3704219889764847,0.3444951419479893
nDCG@100,441,0.5708344499355523,0.6101881071819552,0.5708344499355523
nDCG@100,609,0.4046298522945036,0.4135290078895777,0.4046298522945036
nDCG@100,610,0.06437746926759551,0.05576624569167862,0.06437746926759551
nDCG@100,613,0.2943463691799236,0.29318886325738863,0.2943463691799236
nDCG@100,623,0.1666976377321824,0.17920598675858135,0.1666976377321824
nDCG@100,624,0.4974653012251263,0.2905673620375175,0.4974653012251263
nDCG@100,626,0.782537211400119,0.8113142843409253,0.782537211400119
nDCG@100,631,0.322251730600203,0.3291499446854484,0.322251730600203
nDCG@100,634,0.7860524449376567,0.8062802282542934,0.7860524449376567
nDCG@100,635,0.8679419226479146,0.9169835111563103,0.8679419226479146
nDCG@100,641,0.2760183475580496,0.3808297282081247,0.2760183475580496
nDCG@100,644,0.5719373692387203,0.5751703780568973,0.5719373692387203
nDCG@100,645,0.833308178867691,0.8620255424171558,0.833308178867691
nDCG@100,646,0.7170272825973196,0.7282091351987902,0.7170272825973196
nDCG@100,647,0.6644683275565038,0.7296259714090807,0.6644683275565038
nDCG@100,650,0.1861668462830111,0.26393195793813523,0.1861668462830111
nDCG@100,651,0.25086481171139147,0.13975029032751396,0.25086481171139147
nDCG@100,652,0.3341981198158809,0.5124952010997373,0.3341981198158809
nDCG@100,666,0.12681701683239352,0.08154437872961684,0.12681701683239352
nDCG@100,675,0.39333411435519694,0.4470388442810331,0.39333411435519694
nDCG@100,691,0.4073595929565142,0.41864240519745344,0.4073595929565142
nDCG@100,698,0.33856012281290065,0.3501422570289094,0.33856012281290065
nDCG@100,306,0.42809105172435,0.38386790179657837,0.42809105172435
nDCG@100,313,0.4843696240142317,0.4953742606081185,0.4843696240142317
nDCG@100,323,0.26470631169008546,0.2848702264502805,0.26470631169008546
nDCG@100,329,0.5929795712442092,0.5748396162334656,0.5929795712442092
nDCG@100,330,0.4109582679362334,0.46259287004544986,0.4109582679362334
nDCG@100,332,0.19353143661146238,0.21438934647018598,0.19353143661146238
nDCG@100,336,0.19739591291813627,0.15403724621413123,0.19739591291813627
nDCG@100,343,0.34191493153661,0.3415206667428044,0.34191493153661
nDCG@100,357,0.6324424447475917,0.6764272761591228,0.6324424447475917
nDCG@100,366,0.2484209622195577,0.28803433246569177,0.2484209622195577
nDCG@100,367,0.21656041298145912,0.1475073434289045,0.21656041298145912
nDCG@100,374,0.4195389485011028,0.4363871474537,0.4195389485011028
nDCG@100,376,0.0923163738143324,0.16742507023613046,0.0923163738143324
nDCG@100,380,0.506850762106071,0.5666496461814426,0.506850762106071
nDCG@100,383,0.1542558018154913,0.18211098580135823,0.1542558018154913
nDCG@100,385,0.4999525927066769,0.5209113438048026,0.4999525927066769
nDCG@100,387,0.22765384318554552,0.26009437342324104,0.22765384318554552
nDCG@100,394,0.23637640617034447,0.23637640617034447,0.23637640617034447
nDCG@100,402,0.420691526437508,0.4937291701906494,0.420691526437508
nDCG@100,410,0.5662945192767096,0.5747070244396291,0.5662945192767096
nDCG@100,416,0.4718326669632534,0.5052087506632714,0.4718326669632534
nDCG@100,418,0.08233538194079183,0.07831222917233596,0.08233538194079183
nDCG@100,420,0.5942814867222219,0.6823071525667396,0.5942814867222219
nDCG@100,425,0.7203592747880578,0.712537934804418,0.7203592747880578
nDCG@100,426,0.35910883889863693,0.3925420306296075,0.35910883889863693
nDCG@100,427,0.3944334597951315,0.4391889247124185,0.3944334597951315
nDCG@100,433,0.08342945461419782,0.06952200887072908,0.08342945461419782
nDCG@100,440,0.3837037578278147,0.40766804755498637,0.3837037578278147
nDCG@100,445,0.6300014136625965,0.6636759960199474,0.6300014136625965
nDCG@100,448,0.0897411559855629,0.12262817074918131,0.0897411559855629
nDCG@100,449,0.20335273836570622,0.14509015942171732,0.20335273836570622
nDCG@100,601,0.5820771623792087,0.6064611306722335,0.5820771623792087
nDCG@100,605,0.39103679905736755,0.46754858696004975,0.39103679905736755
nDCG@100,606,0.44305304771640586,0.4471189185213664,0.44305304771640586
nDCG@100,607,0.4525101998071924,0.2553701302513813,0.4525101998071924
nDCG@100,618,0.1585577366720982,0.12974567083143562,0.1585577366720982
nDCG@100,619,0.6647312045084909,0.794442342906544,0.6647312045084909
nDCG@100,632,0.5586456559296641,0.5662598913349234,0.5586456559296641
nDCG@100,636,0.330732794321454,0.3396465566409618,0.330732794321454
nDCG@100,648,0.7118755285550831,0.7571091318668056,0.7118755285550831
nDCG@100,662,0.4859317102718123,0.4822650649311248,0.4859317102718123
nDCG@100,663,0.6904779313278376,0.728767929160102,0.6904779313278376
nDCG@100,664,0.944730928760217,0.9425250883611827,0.944730928760217
nDCG@100,667,0.5521379670144866,0.5894784574424586,0.5521379670144866
nDCG@100,676,0.32500393068894906,0.24680472076079488,0.32500393068894906
nDCG@100,684,0.30364086184252187,0.3449914078463804,0.30364086184252187
nDCG@100,685,0.4358718228237509,0.540508965290499,0.4358718228237509
nDCG@100,687,0.4202348726017947,0.45166323432657823,0.4202348726017947
nDCG@100,688,0.1427296403103517,0.1586475963773579,0.1427296403103517
nDCG@100,696,0.6546955646479387,0.6331912445303184,0.6546955646479387
nDCG@100,301,0.5319525536973226,0.5998529242310853,0.5319525536973226
nDCG@100,303,0.3181025856092972,0.2928094559678252,0.3181025856092972
nDCG@100,305,0.2237309346523375,0.2890030885354429,0.2237309346523375
nDCG@100,312,0.3406552730070425,0.3889226350423451,0.3406552730070425
nDCG@100,327,0.541005473007758,0.62490768775426,0.541005473007758
nDCG@100,328,0.40888058204748884,0.4408943060551852,0.40888058204748884
nDCG@100,333,0.46799888391031214,0.5121871412687862,0.46799888391031214
nDCG@100,337,0.3822217670861689,0.3965170426427342,0.3822217670861689
nDCG@100,342,0.20782755245819276,0.19666676173465222,0.20782755245819276
nDCG@100,347,0.10775008690306877,0.15785074380439737,0.10775008690306877
nDCG@100,352,0.12647742348398328,0.14935955139478216,0.12647742348398328
nDCG@100,362,0.2539154622014619,0.2141521318263033,0.2539154622014619
nDCG@100,363,0.5580868588702327,0.5565795117870527,0.5580868588702327
nDCG@100,365,0.5246619116624818,0.5547408081129189,0.5246619116624818
nDCG@100,371,0.040334958690002705,0.0,0.040334958690002705
nDCG@100,377,0.274176894248321,0.26615873395586354,0.274176894248321
nDCG@100,378,0.055472627150149896,0.025325049554295535,0.055472627150149896
nDCG@100,379,0.24002550070350698,0.3304590637459223,0.24002550070350698
nDCG@100,386,0.38123884494483024,0.3816994234963183,0.38123884494483024
nDCG@100,391,0.4790511145826071,0.5476009545209841,0.4790511145826071
nDCG@100,396,0.5539509625962641,0.553140763813006,0.5539509625962641
nDCG@100,399,0.25765106330331544,0.25892604652458884,0.25765106330331544
nDCG@100,401,0.7130802208622437,0.7794518563383905,0.7130802208622437
nDCG@100,414,0.5386332784271733,0.5281784711500441,0.5386332784271733
nDCG@100,423,0.425308988673026,0.45274814629659726,0.425308988673026
nDCG@100,428,0.47958634727253735,0.49018141292907463,0.47958634727253735
nDCG@100,429,0.6839662484632286,0.6889123028694335,0.6839662484632286
nDCG@100,436,0.7673072428052625,0.7532205889217165,0.7673072428052625
nDCG@100,437,0.03230799893839518,0.009866336294411132,0.03230799893839518
nDCG@100,439,0.06815130064609187,0.026766806221862564,0.06815130064609187
nDCG@100,442,0.196163182374792,0.352042435611006,0.196163182374792
nDCG@100,443,0.3898800793874282,0.3954876340396943,0.3898800793874282
nDCG@100,444,0.3446723909395349,0.4426592700075218,0.3446723909395349
nDCG@100,447,0.0,0.0,0.0
nDCG@100,603,0.789411982449288,0.8151453960142103,0.789411982449288
nDCG@100,615,0.14001500616294157,0.12855991078289755,0.14001500616294157
nDCG@100,616,0.5220357362531335,0.5617643429600945,0.5220357362531335
nDCG@100,627,0.11892797419349307,0.10426308729174753,0.11892797419349307
nDCG@100,628,0.43904246283988363,0.3848466464572327,0.43904246283988363
nDCG@100,629,0.8452997266198893,0.8597632301828284,0.8452997266198893
nDCG@100,649,0.666254731110625,0.703954942621307,0.666254731110625
nDCG@100,673,0.5367363504095404,0.5589019678242207,0.5367363504095404
nDCG@100,677,0.7601505373126665,0.7659828052992199,0.7601505373126665
nDCG@100,680,0.4667457976446826,0.4591682546135102,0.4667457976446826
nDCG@100,682,0.14188374863814393,0.28135778842914866,0.14188374863814393
nDCG@100,690,0.03226365515810499,0.0,0.03226365515810499
nDCG@100,692,0.5415280079565705,0.5429152373384445,0.5415280079565705
nDCG@100,694,0.34209498315246517,0.34765123383824037,0.34209498315246517
nDCG@100,695,0.23802707860793623,0.2690833725020338,0.23802707860793623
nDCG@100,699,0.5763654394901777,0.6330113713511839,0.5763654394901777
nDCG@100,304,0.2245061210652447,0.2052417232924793,0.2245061210652447
nDCG@100,308,0.5319446775862905,0.5916910257435084,0.5319446775862905
nDCG@100,309,0.0,0.0,0.0
nDCG@100,314,0.2470397300459822,0.2838417729975489,0.2470397300459822
nDCG@100,318,0.18839669792698918,0.18756482894042906,0.18839669792698918
nDCG@100,324,0.8385138545012673,0.8303761346258424,0.8385138545012673
nDCG@100,335,0.6585089480848656,0.7386182629639431,0.6585089480848656
nDCG@100,340,0.3704798628788683,0.38115957420212454,0.3704798628788683
nDCG@100,341,0.3916644906305953,0.47819120152175976,0.3916644906305953
nDCG@100,344,0.5725945374779955,0.8013122149737618,0.5725945374779955
nDCG@100,345,0.4367049790177858,0.48300794827466365,0.4367049790177858
nDCG@100,348,0.0,0.0,0.0
nDCG@100,350,0.28332953479672,0.36243392903664595,0.28332953479672
nDCG@100,354,0.2497441784575245,0.14301820991555883,0.2497441784575245
nDCG@100,360,0.563580775486766,0.5669257546479779,0.563580775486766
nDCG@100,373,0.26707379741568643,0.29359869018756823,0.26707379741568643
nDCG@100,381,0.29765063514409734,0.2602528845393007,0.29765063514409734
nDCG@100,382,0.717740303504129,0.7299271733936241,0.717740303504129
nDCG@100,384,0.24646034018514776,0.2891212669041996,0.24646034018514776
nDCG@100,390,0.29969146993161017,0.3284576616912543,0.29969146993161017
nDCG@100,392,0.47991005366703937,0.47597987013308296,0.47991005366703937
nDCG@100,395,0.24944728119436152,0.22865595990613538,0.24944728119436152
nDCG@100,406,0.36283723876993246,0.4181788586974259,0.36283723876993246
nDCG@100,411,0.5029261682980039,0.4821760773124429,0.5029261682980039
nDCG@100,424,0.11328303974738857,0.09459732596700167,0.11328303974738857
nDCG@100,432,0.08208218242077953,0.019334745027782218,0.08208218242077953
nDCG@100,434,0.8765166182343858,0.8724490366384242,0.8765166182343858
nDCG@100,435,0.18746231101258876,0.17117118848927335,0.18746231101258876
nDCG@100,446,0.46526765429109573,0.5134537598243764,0.46526765429109573
nDCG@100,604,0.8649994336266295,0.8923328913054898,0.8649994336266295
nDCG@100,612,0.468962190255133,0.38501652249343077,0.468962190255133
nDCG@100,614,0.24920473351938843,0.3569403661339442,0.24920473351938843
nDCG@100,617,0.3154956062124263,0.321515081648981,0.3154956062124263
nDCG@100,621,0.7811885933667289,0.79457732729192,0.7811885933667289
nDCG@100,622,0.35663741194455534,0.45838297850314313,0.35663741194455534
nDCG@100,633,0.47849228693870643,0.49393844732798103,0.47849228693870643
nDCG@100,637,0.45029066184072464,0.49035719283622936,0.45029066184072464
nDCG@100,643,0.3745383979416174,0.42339281152435565,0.3745383979416174
nDCG@100,655,0.4278399946304714,0.5069219192625278,0.4278399946304714
nDCG@100,656,0.4686134718946269,0.49516964157947757,0.4686134718946269
nDCG@100,659,0.6688795232015714,0.6786273205189006,0.6688795232015714
nDCG@100,668,0.11209026104583222,0.09410896979149208,0.11209026104583222
nDCG@100,669,0.05426661997381014,0.03652325206274488,0.05426661997381014
nDCG@100,670,0.31845112959348865,0.3645746314247702,0.31845112959348865
nDCG@100,674,0.5207928579419365,0.5677853947388579,0.5207928579419365
nDCG@100,678,0.4162368434914393,0.5581527704298141,0.4162368434914393
nDCG@100,679,0.7928580195906539,0.9361705073520016,0.7928580195906539
nDCG@100,681,0.6991468984800084,0.7007027270691409,0.6991468984800084
nDCG@100,683,0.4121864364765153,0.4697912454555316,0.4121864364765153
nDCG@100,689,0.060020991454333886,0.07398968618081159,0.060020991454333886
nDCG@100,302,0.5816675046144713,0.5997124908634066,0.5816675046144713
nDCG@100,315,0.07357287415924793,0.011608237177962485,0.07357287415924793
nDCG@100,321,0.5075801069580606,0.5343400637045974,0.5075801069580606
nDCG@100,322,0.2388418689402027,0.141740612647136,0.2388418689402027
nDCG@100,338,0.3764290720714305,0.5413996682199069,0.3764290720714305
nDCG@100,349,0.25386719880126973,0.3087260343573657,0.25386719880126973
nDCG@100,351,0.7067882005094704,0.7574049991933246,0.7067882005094704
nDCG@100,353,0.3225021474242704,0.39471869876928933,0.3225021474242704
nDCG@100,355,0.2764013445198528,0.3266635488641115,0.2764013445198528
nDCG@100,358,0.4751027138406468,0.5304782829518216,0.4751027138406468
nDCG@100,359,0.18712878440957162,0.10231082983784223,0.18712878440957162
nDCG@100,364,0.6932823100246599,0.7135299095695868,0.6932823100246599
nDCG@100,372,0.7798693447902948,0.7919622566330182,0.7798693447902948
nDCG@100,375,0.272939846988269,0.2952843338851032,0.272939846988269
nDCG@100,388,0.10495958673085348,0.06284078652552275,0.10495958673085348
nDCG@100,389,0.2456214393205204,0.2573204327597443,0.2456214393205204
nDCG@100,393,0.11687947040013681,0.15813199790506838,0.11687947040013681
nDCG@100,400,0.6037718947758317,0.6317820370294811,0.6037718947758317
nDCG@100,403,0.8345287298394032,0.8758258277210159,0.8345287298394032
nDCG@100,404,0.07607608518045382,0.05825866258396906,0.07607608518045382
nDCG@100,407,0.26775299719289225,0.3110368652056599,0.26775299719289225
nDCG@100,408,0.29849147179461427,0.3200618860266726,0.29849147179461427
nDCG@100,417,0.32126695997176286,0.37216161909673656,0.32126695997176286
nDCG@100,422,0.775773677878624,0.7955659553328824,0.775773677878624
nDCG@100,430,0.8778080538375288,0.9472510288476745,0.8778080538375288
nDCG@100,431,0.5772426351777821,0.610688700502296,0.5772426351777821
nDCG@100,450,0.5181796219129745,0.5153882492028855,0.5181796219129745
nDCG@100,602,0.43551147091375175,0.3966249886531295,0.43551147091375175
nDCG@100,608,0.3607869287137769,0.36497181593542327,0.3607869287137769
nDCG@100,611,0.5494288491998736,0.5474136660869054,0.5494288491998736
nDCG@100,620,0.16541905844784552,0.16981649241158897,0.16541905844784552
nDCG@100,625,0.5456007020368552,0.5635432128809178,0.5456007020368552
nDCG@100,630,0.973012231497734,0.973012231497734,0.973012231497734
nDCG@100,638,0.1414903735679723,0.07703501005049426,0.1414903735679723
nDCG@100,639,0.4757774407751072,0.4977984280976805,0.4757774407751072
nDCG@100,640,0.504460888173063,0.5224322650760114,0.504460888173063
nDCG@100,642,0.10665830803146074,0.12493292787490025,0.10665830803146074
nDCG@100,653,0.7656554438066799,0.7809417723658831,0.7656554438066799
nDCG@100,654,0.5128750500974307,0.6631514174570928,0.5128750500974307
nDCG@100,657,0.6206457400675885,0.7237749960834677,0.6206457400675885
nDCG@100,658,0.5183851056154412,0.5724383726381346,0.5183851056154412
nDCG@100,660,0.8156069678472304,0.82640796615541,0.8156069678472304
nDCG@100,661,0.7339933825097427,0.7149568827579924,0.7339933825097427
nDCG@100,665,0.40506682477204176,0.3952357082591465,0.40506682477204176
nDCG@100,671,0.3370467130137412,0.3348537999341562,0.3370467130137412
nDCG@100,686,0.4185817855191693,0.4088791612417656,0.4185817855191693
nDCG@100,693,0.3684511624473413,0.43223313113687195,0.3684511624473413
nDCG@100,697,0.3634881951692145,0.43156254278626155,0.3634881951692145
nDCG@100,700,0.32239649811172283,0.33905189473776143,0.32239649811172283
nDCG@20,307,0.4493553427909632,0.6783999630731339,0.4493553427909632
nDCG@20,310,0.45680980145197025,0.5241163390841963,0.45680980145197025
nDCG@20,311,0.7673218612081816,0.7306611596496791,0.7673218612081816
nDCG@20,316,0.17755004954207163,0.21314650032106472,0.17755004954207163
nDCG@20,317,0.4888477717760943,0.5080982136820805,0.4888477717760943
nDCG@20,319,0.032864970567577,0.16873188770691389,0.032864970567577
nDCG@20,320,0.07123530534387781,0.0,0.07123530534387781
nDCG@20,325,0.15070499084303424,0.13066074585609327,0.15070499084303424
nDCG@20,326,0.4591949732084477,0.724427377615491,0.4591949732084477
nDCG@20,331,0.9243767169173913,0.931186855045149,0.9243767169173913
nDCG@20,334,0.23504554941448536,0.23504554941448536,0.23504554941448536
nDCG@20,339,0.40429784870163954,0.42832111030622405,0.40429784870163954
nDCG@20,346,0.2945558549756486,0.3621314923594576,0.2945558549756486
nDCG@20,356,0.10925728679573742,0.043957020679722535,0.10925728679573742
nDCG@20,361,0.5192259995359852,0.6498762889175691,0.5192259995359852
nDCG@20,368,0.8519378982033018,0.8592274968410136,0.8519378982033018
nDCG@20,369,0.5996031418782868,0.5996031418782868,0.5996031418782868
nDCG@20,370,0.32738675635948905,0.23796352771055776,0.32738675635948905
nDCG@20,397,0.726822689758656,0.727225702798559,0.726822689758656
nDCG@20,398,0.6364338636515653,0.6959360577739997,0.6364338636515653
nDCG@20,405,0.4395067422369502,0.5880938628931622,0.4395067422369502
nDCG@20,409,0.2645689349132356,0.39165766779382943,0.2645689349132356
nDCG@20,412,0.7903448170998971,0.9310524987068722,0.7903448170998971
nDCG@20,413,0.0,0.0,0.0
nDCG@20,415,0.5377168862605035,0.6834737393978538,0.5377168862605035
nDCG@20,419,0.24239433497356533,0.2933754025036818,0.24239433497356533
nDCG@20,421,0.25467559296578096,0.3338894216019217,0.25467559296578096
nDCG@20,438,0.4553038141009033,0.4752280609473318,0.4553038141009033
nDCG@20,441,0.5390262088188568,0.5780732132975752,0.5390262088188568
nDCG@20,609,0.41979242596540417,0.3819749782293253,0.41979242596540417
nDCG@20,610,0.0,0.0,0.0
nDCG@20,613,0.3145165558291506,0.3170585477543671,0.3145165558291506
nDCG@20,623,0.0,0.04974760283186276,0.0
nDCG@20,624,0.30793931260400853,0.22822473713187064,0.30793931260400853
nDCG@20,626,0.7366555483986772,0.792631664368858,0.7366555483986772
nDCG@20,631,0.35978589347439854,0.4118303497093894,0.35978589347439854
nDCG@20,634,0.7070932634688013,0.7597807532880126,0.7070932634688013
nDCG@20,635,0.7013981916021602,0.7642448318017017,0.7013981916021602
nDCG@20,641,0.21375863855918933,0.30182031991081115,0.21375863855918933
nDCG@20,644,0.4027863683006124,0.39598599568364024,0.4027863683006124
nDCG@20,645,0.7315044630609604,0.7636117737034288,0.7315044630609604
nDCG@20,646,0.6481486656265848,0.6481486656265848,0.6481486656265848
nDCG@20,647,0.5268680782124575,0.5811320834575721,0.5268680782124575
nDCG@20,650,0.1326949123717438,0.19185770849996195,0.1326949123717438
nDCG@20,651,0.16701676101733298,0.08447770539554152,0.16701676101733298
nDCG@20,652,0.47224773750881494,0.8623278154252824,0.47224773750881494
nDCG@20,666,0.12681701683239352,0.0,0.12681701683239352
nDCG@20,675,0.30352362473395395,0.3420013232065191,0.30352362473395395
nDCG@20,691,0.34723239962689134,0.3547342928621184,0.34723239962689134
nDCG@20,698,0.33856012281290065,0.3501422570289094,0.33856012281290065
nDCG@20,306,0.6530368857407839,0.5773047586022502,0.6530368857407839
nDCG@20,313,0.8927637896777388,0.9275139623766074,0.8927637896777388
nDCG@20,323,0.5059959416106607,0.5477503411052613,0.5059959416106607
nDCG@20,329,0.7521269671013167,0.7196210246606966,0.7521269671013167
nDCG@20,330,0.52476117685715,0.616573607786649,0.52476117685715
nDCG@20,332,0.19492819745588286,0.3839175046641317,0.19492819745588286
nDCG@20,336,0.12105366058507118,0.12022530628025895,0.12105366058507118
nDCG@20,343,0.4956495901605581,0.5183121021656297,0.4956495901605581
nDCG@20,357,0.7093203088734759,0.8457735875912727,0.7093203088734759
nDCG@20,366,0.5717967257693525,0.6893819963926983,0.5717967257693525
nDCG@20,367,0.30984285369066084,0.3783588628366425,0.30984285369066084
nDCG@20,374,0.5194776447368832,0.6183249472150301,0.5194776447368832
nDCG@20,376,0.2526811265063016,0.32331178919850684,0.2526811265063016
nDCG@20,380,0.41231449937143627,0.5186607931422375,0.41231449937143627
nDCG@20,383,0.20203657314265602,0.2710627769572015,0.20203657314265602
nDCG@20,385,0.7861398516189289,0.8565221813149497,0.7861398516189289
nDCG@20,387,0.3466174144733439,0.3667252902888299,0.3466174144733439
nDCG@20,394,0.23637640617034447,0.23637640617034447,0.23637640617034447
nDCG@20,402,0.6379674111783947,0.8010911091971785,0.6379674111783947
nDCG@20,410,1.0,1.0,1.0
nDCG@20,416,0.2772743433998243,0.3449194513380038,0.2772743433998243
nDCG@20,418,0.18548854971692627,0.20105912034371767,0.18548854971692627
nDCG@20,420,0.6159135551172463,0.654606522343751,0.6159135551172463
nDCG@20,425,1.0,1.0,1.0
nDCG@20,426,0.6215626740073822,0.7068481068544689,0.6215626740073822
nDCG@20,427,0.35619300822506955,0.4389747508903409,0.35619300822506955
nDCG@20,433,0.05397642893687311,0.0,0.05397642893687311
nDCG@20,440,0.5860450860383078,0.656248046160298,0.5860450860383078
nDCG@20,445,0.932499536359304,0.899634565791727,0.932499536359304
nDCG@20,448,0.12436745990221204,0.18042467779904023,0.12436745990221204
nDCG@20,449,0.2919943100050048,0.22858233945631623,0.2919943100050048
nDCG@20,601,0.49392169351461673,0.6064611306722335,0.49392169351461673
nDCG@20,605,0.5343472272865657,0.6776298853146038,0.5343472272865657
nDCG@20,606,0.3991040918077942,0.4274143214252925,0.3991040918077942
nDCG@20,607,0.3748617283046406,0.04972780777662495,0.3748617283046406
nDCG@20,618,0.0,0.0,0.0
nDCG@20,619,0.5906390514005234,0.7112542638547601,0.5906390514005234
nDCG@20,632,0.7542480377296338,0.7857698746313994,0.7542480377296338
nDCG@20,636,0.288415091339523,0.31520925723277016,0.288415091339523
nDCG@20,648,0.8106955046688195,0.891365267668581,0.8106955046688195
nDCG@20,662,0.4965313717167834,0.49435009572742983,0.4965313717167834
nDCG@20,663,0.5606411907817902,0.6297485709768477,0.5606411907817902
nDCG@20,664,0.944730928760217,0.9425250883611827,0.944730928760217
nDCG@20,667,0.5650265075127957,0.6558481236897326,0.5650265075127957
nDCG@20,676,0.2947744173939044,0.23299080493589047,0.2947744173939044
nDCG@20,684,0.15515930496117114,0.19501041317641923,0.15515930496117114
nDCG@20,685,0.25697928656921654,0.3409042303967693,0.25697928656921654
nDCG@20,687,0.3258551562540316,0.3848410582852663,0.3258551562540316
nDCG@20,688,0.2538090379863062,0.31921971220523776,0.2538090379863062
nDCG@20,696,0.5545362495919373,0.5515780235220225,0.5545362495919373
nDCG@20,301,0.7747246118390967,0.8475703280493031,0.7747246118390967
nDCG@20,303,0.1257314161834312,0.12723822202048268,0.1257314161834312
nDCG@20,305,0.24592503001806296,0.2712783938928164,0.24592503001806296
nDCG@20,312,0.3406552730070425,0.3889226350423451,0.3406552730070425
nDCG@20,327,0.5097262341919443,0.48985108305629055,0.5097262341919443
nDCG@20,328,0.40888058204748884,0.4408943060551852,0.40888058204748884
nDCG@20,333,0.5927947997555304,0.6441767293167818,0.5927947997555304
nDCG@20,337,0.561859829774583,0.6066898647025368,0.561859829774583
nDCG@20,342,0.0750966036633514,0.11921297777483893,0.0750966036633514
nDCG@20,347,0.03475017269886857,0.09523628763401437,0.03475017269886857
nDCG@20,352,0.29855449704348846,0.3345520576139616,0.29855449704348846
nDCG@20,362,0.2508823652455887,0.21183381900690962,0.2508823652455887
nDCG@20,363,0.4326015449715078,0.45768663245061525,0.4326015449715078
nDCG@20,365,0.7076993325363978,0.7523428471827209,0.7076993325363978
nDCG@20,371,0.040334958690002705,0.0,0.040334958690002705
nDCG@20,377,0.2979025227166177,0.22091165549131156,0.2979025227166177
nDCG@20,378,0.036356287988538835,0.0,0.036356287988538835
nDCG@20,379,0.20945680501644456,0.3304590637459223,0.20945680501644456
nDCG@20,386,0.1807501615505622,0.18134181544354916,0.1807501615505622
nDCG@20,391,0.7913189195990529,0.8542099521485808,0.7913189195990529
nDCG@20,396,0.780453495955125,0.7153649138649779,0.780453495955125
nDCG@20,399,0.4742241178133384,0.520727983110714,0.4742241178133384
nDCG@20,401,0.8649863490465378,0.9316250195240087,0.8649863490465378
nDCG@20,414,0.5917094924922804,0.5346197248969379,0.5917094924922804
nDCG@20,423,0.3128172911241436,0.3696519269860467,0.3128172911241436
nDCG@20,428,0.7338965790730069,0.7647914665297212,0.7338965790730069
nDCG@20,429,0.6444532734109876,0.6447970197578629,0.6444532734109876
nDCG@20,436,0.8216389686785381,0.8233492682659898,0.8216389686785381
nDCG@20,437,0.0,0.0,0.0
nDCG@20,439,0.10393162789306344,0.0,0.10393162789306344
nDCG@20,442,0.2164087740777056,0.5830504603964892,0.2164087740777056
nDCG@20,443,0.7291336355520869,0.7554440396037664,0.7291336355520869
nDCG@20,444,0.25993562375717216,0.3813530811639707,0.25993562375717216
nDCG@20,447,0.0,0.0,0.0
nDCG@20,603,0.7072444263761362,0.750826711585363,0.7072444263761362
nDCG@20,615,0.07955490903141084,0.040192059800817775,0.07955490903141084
nDCG@20,616,0.5020962427937273,0.4929175339637022,0.5020962427937273
nDCG@20,627,0.0,0.0,0.0
nDCG@20,628,0.21660578837989097,0.15871475821043832,0.21660578837989097
nDCG@20,629,0.6654956193766309,0.6800246904754479,0.6654956193766309
nDCG@20,649,0.7306747298639361,0.7251983548857774,0.7306747298639361
nDCG@20,673,0.5079684503525261,0.5286510803839931,0.5079684503525261
nDCG@20,677,0.7601505373126665,0.7659828052992199,0.7601505373126665
nDCG@20,680,0.300573203552803,0.32049309444846213,0.300573203552803
nDCG@20,682,0.1437315928859042,0.33225579096068153,0.1437315928859042
nDCG@20,690,0.0,0.0,0.0
nDCG@20,692,0.46565889562540835,0.5341221032631119,0.46565889562540835
nDCG@20,694,0.4794847559795856,0.5525917058893152,0.4794847559795856
nDCG@20,695,0.222361210506547,0.27677815685258983,0.222361210506547
nDCG@20,699,0.49706274409562534,0.6056873897131713,0.49706274409562534
nDCG@20,304,0.2827407150011917,0.21641127938834148,0.2827407150011917
nDCG@20,308,0.3903800499921017,0.3903800499921017,0.3903800499921017
nDCG@20,309,0.0,0.0,0.0
nDCG@20,314,0.2657202990929833,0.2764659704386725,0.2657202990929833
nDCG@20,318,0.3408513760572132,0.41113736154884417,0.3408513760572132
nDCG@20,324,1.0,1.0,1.0
nDCG@20,335,0.7709228909518252,0.8536537876036887,0.7709228909518252
nDCG@20,340,0.6936570739682547,0.6727615947359784,0.6936570739682547
nDCG@20,341,0.46330286328612497,0.6437584186819048,0.46330286328612497
nDCG@20,344,0.5725945374779955,0.8013122149737618,0.5725945374779955
nDCG@20,345,0.3887830395368609,0.42249428818456236,0.3887830395368609
nDCG@20,348,0.0,0.0,0.0
nDCG@20,350,0.40597200848354936,0.6706110310253439,0.40597200848354936
nDCG@20,354,0.19527208097077234,0.12162992837268581,0.19527208097077234
nDCG@20,360,0.8111750751288797,0.8455741028198728,0.8111750751288797
nDCG@20,373,0.2217250106598629,0.23165732683700077,0.2217250106598629
nDCG@20,381,0.29372841576617054,0.21085318458850838,0.29372841576617054
nDCG@20,382,0.6779716074280369,0.7181841087348014,0.6779716074280369
nDCG@20,384,0.12800192536872637,0.20724330134955413,0.12800192536872637
nDCG@20,390,0.4203948796506584,0.534938024195472,0.4203948796506584
nDCG@20,392,0.8040223827752285,0.8029923921402247,0.8040223827752285
nDCG@20,395,0.14350605744022127,0.27065166606062663,0.14350605744022127
nDCG@20,406,0.13874993194902863,0.23567006911377184,0.13874993194902863
nDCG@20,411,0.43547136489670196,0.3957555640778076,0.43547136489670196
nDCG@20,424,0.0,0.13679659846064043,0.0
nDCG@20,432,0.032864970567577,0.0,0.032864970567577
nDCG@20,434,1.0,1.0,1.0
nDCG@20,435,0.11377833233186024,0.13944163780147778,0.11377833233186024
nDCG@20,446,0.5772342338311587,0.6828640826228425,0.5772342338311587
nDCG@20,604,0.8121219432967393,0.866916054948054,0.8121219432967393
nDCG@20,612,0.36042560535058316,0.18796694142933792,0.36042560535058316
nDCG@20,614,0.3042607692412579,0.3545802748624779,0.3042607692412579
nDCG@20,617,0.24619163723016868,0.2418041339649414,0.24619163723016868
nDCG@20,621,0.8753909567330381,0.9167288341305806,0.8753909567330381
nDCG@20,622,0.46243680143903326,0.5625820148036196,0.46243680143903326
nDCG@20,633,0.49285080003293597,0.5191744830316247,0.49285080003293597
nDCG@20,637,0.39814315834398634,0.4382453715386326,0.39814315834398634
nDCG@20,643,0.26427571269484545,0.2858400514388394,0.26427571269484545
nDCG@20,655,0.3226011484953325,0.4561789370170035,0.3226011484953325
nDCG@20,656,0.6445139395777439,0.7055689922642718,0.6445139395777439
nDCG@20,659,0.5793277137951792,0.5908923636656773,0.5793277137951792
nDCG@20,668,0.06820823231915644,0.02070909406374154,0.06820823231915644
nDCG@20,669,0.0,0.0,0.0
nDCG@20,670,0.2380633316561461,0.31240990820532677,0.2380633316561461
nDCG@20,674,0.360146957395301,0.4433863546497529,0.360146957395301
nDCG@20,678,0.27477707262081097,0.3621298186128411,0.27477707262081097
nDCG@20,679,0.7928580195906539,0.9361705073520016,0.7928580195906539
nDCG@20,681,0.602627115982332,0.5313685007163776,0.602627115982332
nDCG@20,683,0.6493830466894623,0.7842856008418466,0.6493830466894623
nDCG@20,689,0.03306094886319186,0.0,0.03306094886319186
nDCG@20,302,0.7513421633815728,0.7830667936902305,0.7513421633815728
nDCG@20,315,0.04275831251503158,0.0,0.04275831251503158
nDCG@20,321,0.894318269157564,0.9323848567335544,0.894318269157564
nDCG@20,322,0.18318525989112514,0.07102001981682865,0.18318525989112514
nDCG@20,338,0.3764290720714305,0.5413996682199069,0.3764290720714305
nDCG@20,349,0.5438975893379154,0.48605239209916484,0.5438975893379154
nDCG@20,351,0.9671350294324229,1.0,0.9671350294324229
nDCG@20,353,0.36468500168493756,0.6831038205541368,0.36468500168493756
nDCG@20,355,0.22899201059681318,0.34646737810510114,0.22899201059681318
nDCG@20,358,0.555040467876482,0.6794811475505622,0.555040467876482
nDCG@20,359,0.11064108687264426,0.0,0.11064108687264426
nDCG@20,364,0.7076157347234514,0.7671686731870723,0.7076157347234514
nDCG@20,372,0.9188350684097895,0.9083455376384939,0.9188350684097895
nDCG@20,375,0.4948184453932699,0.5609941448597678,0.4948184453932699
nDCG@20,388,0.11930603808202117,0.0,0.11930603808202117
nDCG@20,389,0.4211322688444772,0.45003782848240365,0.4211322688444772
nDCG@20,393,0.24179727130731493,0.33720159788360377,0.24179727130731493
nDCG@20,400,0.8439312150128118,0.8774449588212476,0.8439312150128118
nDCG@20,403,0.8022354695625792,0.8445847428265626,0.8022354695625792
nDCG@20,404,0.0334374913847135,0.0,0.0334374913847135
nDCG@20,407,0.35582529148590064,0.39077300506753554,0.35582529148590064
nDCG@20,408,0.20704863409341992,0.29843760267105857,0.20704863409341992
nDCG@20,417,0.5372304097593442,0.6737131288228814,0.5372304097593442
nDCG@20,422,0.9572416874849684,0.9659370277440175,0.9572416874849684
nDCG@20,430,0.8778080538375288,0.9472510288476745,0.8778080538375288
nDCG@20,431,0.9335987365956977,0.9336975380477095,0.9335987365956977
nDCG@20,450,0.6783298369759807,0.5481407467969318,0.6783298369759807
nDCG@20,602,0.4722056375682494,0.43319131852404663,0.4722056375682494
nDCG@20,608,0.36082126144334453,0.2982129799668499,0.36082126144334453
nDCG@20,611,0.5429920235432046,0.4975196100435955,0.5429920235432046
nDCG@20,620,0.0,0.0,0.0
nDCG@20,625,0.4573419435141749,0.5275048101143567,0.4573419435141749
nDCG@20,630,0.973012231497734,0.973012231497734,0.973012231497734
nDCG@20,638,0.12383736483575139,0.0666548935535718,0.12383736483575139
nDCG@20,639,0.52134487622213,0.5688957664945269,0.52134487622213
nDCG@20,640,0.5413774651835441,0.5629977799878579,0.5413774651835441
nDCG@20,642,0.0,0.1420400396336573,0.0
nDCG@20,653,0.7033906708940376,0.754863201262602,0.7033906708940376
nDCG@20,654,0.616884514058026,0.7408417542206678,0.616884514058026
nDCG@20,657,0.5413259174687853,0.7237749960834677,0.5413259174687853
nDCG@20,658,0.5763635073925004,0.5662030838816586,0.5763635073925004
nDCG@20,660,0.7665748278859877,0.8124069268723958,0.7665748278859877
nDCG@20,661,0.7713588622209442,0.7481030187285235,0.7713588622209442
nDCG@20,665,0.26470166988032984,0.25127097651608643,0.26470166988032984
nDCG@20,671,0.3760899494398323,0.3735307116261928,0.3760899494398323
nDCG@20,686,0.2588708454172134,0.28568603293378064,0.2588708454172134
nDCG@20,693,0.36722657116297747,0.3999336273307361,0.36722657116297747
nDCG@20,697,0.44082229229963876,0.5030083678118523,0.44082229229963876
nDCG@20,700,0.5302648389642199,0.5388294884009962,0.5302648389642199
nDCG@3,307,0.7039180890341347,1.0,0.7039180890341347
nDCG@3,310,1.0,1.0,1.0
nDCG@3,311,0.7653606369886217,0.7653606369886217,0.7653606369886217
nDCG@3,316,0.46927872602275644,0.46927872602275644,0.46927872602275644
nDCG@3,317,1.0,1.0,1.0
nDCG@3,319,0.0,0.0,0.0
nDCG@3,320,0.0,0.0,0.0
nDCG@3,325,0.23463936301137822,0.0,0.23463936301137822
nDCG@3,326,0.23463936301137822,0.7653606369886217,0.23463936301137822
nDCG@3,331,1.0,1.0,1.0
nDCG@3,334,0.46927872602275644,0.46927872602275644,0.46927872602275644
nDCG@3,339,0.0,0.0,0.0
nDCG@3,346,0.2960819109658652,0.46927872602275644,0.2960819109658652
nDCG@3,356,0.0,0.0,0.0
nDCG@3,361,0.7653606369886217,0.7653606369886217,0.7653606369886217
nDCG@3,368,1.0,1.0,1.0
nDCG@3,369,1.0,1.0,1.0
nDCG@3,370,0.23463936301137822,0.0,0.23463936301137822
nDCG@3,397,1.0,1.0,1.0
nDCG@3,398,0.7039180890341347,1.0,0.7039180890341347
nDCG@3,405,0.5307212739772434,0.7653606369886217,0.5307212739772434
nDCG@3,409,0.5307212739772434,1.0,0.5307212739772434
nDCG@3,412,0.5307212739772434,1.0,0.5307212739772434
nDCG@3,413,0.0,0.0,0.0
nDCG@3,415,0.7653606369886217,1.0,0.7653606369886217
nDCG@3,419,0.46927872602275644,0.46927872602275644,0.46927872602275644
nDCG@3,421,0.5307212739772434,0.7039180890341347,0.5307212739772434
nDCG@3,438,0.46927872602275644,0.46927872602275644,0.46927872602275644
nDCG@3,441,0.7039180890341347,1.0,0.7039180890341347
nDCG@3,609,0.5307212739772434,0.5307212739772434,0.5307212739772434
nDCG@3,610,0.0,0.0,0.0
nDCG@3,613,0.46927872602275644,0.46927872602275644,0.46927872602275644
nDCG@3,623,0.0,0.0,0.0
nDCG@3,624,0.0,0.0,0.0
nDCG@3,626,1.0,1.0,1.0
nDCG@3,631,0.38268031849431083,0.38268031849431083,0.38268031849431083
nDCG@3,634,1.0,1.0,1.0
nDCG@3,635,1.0,1.0,1.0
nDCG@3,641,0.1480409554829326,0.23463936301137822,0.1480409554829326
nDCG@3,644,0.617319681505689,0.617319681505689,0.617319681505689
nDCG@3,645,0.7346393630113782,0.8519590445170673,0.7346393630113782
nDCG@3,646,0.7653606369886217,0.7653606369886217,0.7653606369886217
nDCG@3,647,1.0,1.0,1.0
nDCG@3,650,0.11731968150568911,0.0,0.11731968150568911
nDCG@3,651,0.0,0.0,0.0
nDCG@3,652,1.0,1.0,1.0
nDCG@3,666,0.0,0.0,0.0
nDCG@3,675,0.7653606369886217,0.7653606369886217,0.7653606369886217
nDCG@3,691,0.7653606369886217,0.7653606369886217,0.7653606369886217
nDCG@3,698,0.46927872602275644,0.46927872602275644,0.46927872602275644
nDCG@3,306,1.0,1.0,1.0
nDCG@3,313,1.0,1.0,1.0
nDCG@3,323,0.7039180890341347,0.7653606369886217,0.7039180890341347
nDCG@3,329,1.0,1.0,1.0
nDCG@3,330,0.7653606369886217,1.0,0.7653606369886217
nDCG@3,332,0.0,0.7653606369886217,0.0
nDCG@3,336,0.0,0.0,0.0
nDCG@3,343,0.7039180890341347,0.46927872602275644,0.7039180890341347
nDCG@3,357,0.7039180890341347,1.0,0.7039180890341347
nDCG@3,366,0.5307212739772434,0.7653606369886217,0.5307212739772434
nDCG@3,367,0.0,0.46927872602275644,0.0
nDCG@3,374,0.46927872602275644,1.0,0.46927872602275644
nDCG@3,376,0.7039180890341347,0.7653606369886217,0.7039180890341347
nDCG@3,380,0.7039180890341347,0.7653606369886217,0.7039180890341347
nDCG@3,383,0.0,0.23463936301137822,0.0
nDCG@3,385,1.0,1.0,1.0
nDCG@3,387,0.46927872602275644,0.7653606369886217,0.46927872602275644
nDCG@3,394,0.7039180890341347,0.7039180890341347,0.7039180890341347
nDCG@3,402,1.0,1.0,1.0
nDCG@3,410,1.0,1.0,1.0
nDCG@3,416,0.0,0.46927872602275644,0.0
nDCG@3,418,0.0,0.23463936301137822,0.0
nDCG@3,420,0.7039180890341347,0.7653606369886217,0.7039180890341347
nDCG@3,425,1.0,1.0,1.0
nDCG@3,426,0.46927872602275644,1.0,0.46927872602275644
nDCG@3,427,0.2960819109658652,0.7039180890341347,0.2960819109658652
nDCG@3,433,0.0,0.0,0.0
nDCG@3,440,1.0,1.0,1.0
nDCG@3,445,1.0,1.0,1.0
nDCG@3,448,0.2960819109658652,0.46927872602275644,0.2960819109658652
nDCG@3,449,0.23463936301137822,0.0,0.23463936301137822
nDCG@3,601,0.43354350434265104,0.43354350434265104,0.43354350434265104
nDCG@3,605,0.7653606369886217,0.7653606369886217,0.7653606369886217
nDCG@3,606,0.7653606369886217,0.7653606369886217,0.7653606369886217
nDCG@3,607,0.23463936301137822,0.0,0.23463936301137822
nDCG@3,618,0.0,0.0,0.0
nDCG@3,619,0.5307212739772434,0.8826803184943108,0.5307212739772434
nDCG@3,632,0.5,0.5,0.5
nDCG@3,636,0.38268031849431083,0.38268031849431083,0.38268031849431083
nDCG@3,648,0.8826803184943108,1.0,0.8826803184943108
nDCG@3,662,0.5865984075284455,0.5865984075284455,0.5865984075284455
nDCG@3,663,0.46927872602275644,0.7653606369886217,0.46927872602275644
nDCG@3,664,1.0,1.0,1.0
nDCG@3,667,0.7653606369886217,1.0,0.7653606369886217
nDCG@3,676,0.11731968150568911,0.23463936301137822,0.11731968150568911
nDCG@3,684,0.0,0.0,0.0
nDCG@3,685,0.23463936301137822,0.35195904451706733,0.23463936301137822
nDCG@3,687,0.23463936301137822,0.23463936301137822,0.23463936301137822
nDCG@3,688,0.46927872602275644,0.5307212739772434,0.46927872602275644
nDCG@3,696,0.46927872602275644,0.46927872602275644,0.46927872602275644
nDCG@3,301,1.0,0.7653606369886217,1.0
nDCG@3,303,0.0,0.0,0.0
nDCG@3,305,0.7039180890341347,0.7653606369886217,0.7039180890341347
nDCG@3,312,0.46927872602275644,0.46927872602275644,0.46927872602275644
nDCG@3,327,0.7653606369886217,1.0,0.7653606369886217
nDCG@3,328,0.46927872602275644,0.46927872602275644,0.46927872602275644
nDCG@3,333,0.7039180890341347,0.7039180890341347,0.7039180890341347
nDCG@3,337,0.46927872602275644,0.7039180890341347,0.46927872602275644
nDCG@3,342,0.0,0.0,0.0
nDCG@3,347,0.0,0.46927872602275644,0.0
nDCG@3,352,0.46927872602275644,0.46927872602275644,0.46927872602275644
nDCG@3,362,0.46927872602275644,0.46927872602275644,0.46927872602275644
nDCG@3,363,0.23463936301137822,0.46927872602275644,0.23463936301137822
nDCG@3,365,1.0,1.0,1.0
nDCG@3,371,0.0,0.0,0.0
nDCG@3,377,0.2960819109658652,0.46927872602275644,0.2960819109658652
nDCG@3,378,0.0,0.0,0.0
nDCG@3,379,0.46927872602275644,0.7653606369886217,0.46927872602275644
nDCG@3,386,0.46927872602275644,0.46927872602275644,0.46927872602275644
nDCG@3,391,1.0,1.0,1.0
nDCG@3,396,1.0,1.0,1.0
nDCG@3,399,1.0,1.0,1.0
nDCG@3,401,1.0,1.0,1.0
nDCG@3,414,1.0,1.0,1.0
nDCG@3,423,0.7039180890341347,0.7653606369886217,0.7039180890341347
nDCG@3,428,1.0,1.0,1.0
nDCG@3,429,1.0,1.0,1.0
nDCG@3,436,1.0,1.0,1.0
nDCG@3,437,0.0,0.0,0.0
nDCG@3,439,0.0,0.0,0.0
nDCG@3,442,0.2960819109658652,1.0,0.2960819109658652
nDCG@3,443,1.0,1.0,1.0
nDCG@3,444,0.46927872602275644,0.7653606369886217,0.46927872602275644
nDCG@3,447,0.0,0.0,0.0
nDCG@3,603,0.8826803184943108,0.8826803184943108,0.8826803184943108
nDCG@3,615,0.0,0.0,0.0
nDCG@3,616,0.46927872602275644,0.5307212739772434,0.46927872602275644
nDCG@3,627,0.0,0.0,0.0
nDCG@3,628,0.0,0.0,0.0
nDCG@3,629,1.0,1.0,1.0
nDCG@3,649,0.7653606369886217,1.0,0.7653606369886217
nDCG@3,673,0.617319681505689,0.7346393630113782,0.617319681505689
nDCG@3,677,0.680606056760201,0.680606056760201,0.680606056760201
nDCG@3,680,0.31939394323979897,0.47909091485969846,0.31939394323979897
nDCG@3,682,0.1480409554829326,0.617319681505689,0.1480409554829326
nDCG@3,690,0.0,0.0,0.0
nDCG@3,692,0.7653606369886217,0.7653606369886217,0.7653606369886217
nDCG@3,694,0.31939394323979897,0.4030302838010049,0.31939394323979897
nDCG@3,695,0.23463936301137822,0.35195904451706733,0.23463936301137822
nDCG@3,699,0.5307212739772434,0.7039180890341347,0.5307212739772434
nDCG@3,304,0.46927872602275644,0.46927872602275644,0.46927872602275644
nDCG@3,308,0.46927872602275644,0.46927872602275644,0.46927872602275644
nDCG@3,309,0.0,0.0,0.0
nDCG@3,314,0.7653606369886217,0.7653606369886217,0.7653606369886217
nDCG@3,318,0.7653606369886217,0.7653606369886217,0.7653606369886217
nDCG@3,324,1.0,1.0,1.0
nDCG@3,335,0.7039180890341347,1.0,0.7039180890341347
nDCG@3,340,1.0,1.0,1.0
nDCG@3,341,0.2960819109658652,0.7039180890341347,0.2960819109658652
nDCG@3,344,0.2960819109658652,0.7653606369886217,0.2960819109658652
nDCG@3,345,1.0,1.0,1.0
nDCG@3,348,0.0,0.0,0.0
nDCG@3,350,0.7039180890341347,1.0,0.7039180890341347
nDCG@3,354,0.23463936301137822,0.0,0.23463936301137822
nDCG@3,360,1.0,1.0,1.0
nDCG@3,373,0.46927872602275644,0.7653606369886217,0.46927872602275644
nDCG@3,381,0.46927872602275644,0.46927872602275644,0.46927872602275644
nDCG@3,382,1.0,1.0,1.0
nDCG@3,384,0.2960819109658652,0.46927872602275644,0.2960819109658652
nDCG@3,390,0.7653606369886217,0.7653606369886217,0.7653606369886217
nDCG@3,392,1.0,1.0,1.0
nDCG@3,395,0.23463936301137822,0.46927872602275644,0.23463936301137822
nDCG@3,406,0.0,0.0,0.0
nDCG@3,411,0.7039180890341347,0.7653606369886217,0.7039180890341347
nDCG@3,424,0.0,0.0,0.0
nDCG@3,432,0.0,0.0,0.0
nDCG@3,434,1.0,1.0,1.0
nDCG@3,435,0.23463936301137822,0.0,0.23463936301137822
nDCG@3,446,1.0,1.0,1.0
nDCG@3,604,1.0,1.0,1.0
nDCG@3,612,0.0,0.0,0.0
nDCG@3,614,0.38268031849431083,0.617319681505689,0.38268031849431083
nDCG@3,617,0.35195904451706733,0.38268031849431083,0.35195904451706733
nDCG@3,621,1.0,1.0,1.0
nDCG@3,622,0.617319681505689,0.8519590445170673,0.617319681505689
nDCG@3,633,0.566456495657349,0.566456495657349,0.566456495657349
nDCG@3,637,0.46927872602275644,0.7653606369886217,0.46927872602275644
nDCG@3,643,0.1480409554829326,0.23463936301137822,0.1480409554829326
nDCG@3,655,0.46927872602275644,0.46927872602275644,0.46927872602275644
nDCG@3,656,0.7653606369886217,0.8519590445170673,0.7653606369886217
nDCG@3,659,0.5307212739772434,0.6480409554829326,0.5307212739772434
nDCG@3,668,0.0,0.0,0.0
nDCG@3,669,0.0,0.0,0.0
nDCG@3,670,0.31939394323979897,0.5209090851403014,0.31939394323979897
nDCG@3,674,0.7653606369886217,0.7653606369886217,0.7653606369886217
nDCG@3,678,0.46927872602275644,0.7653606369886217,0.46927872602275644
nDCG@3,679,0.5307212739772434,0.7653606369886217,0.5307212739772434
nDCG@3,681,0.7346393630113782,0.5307212739772434,0.7346393630113782
nDCG@3,683,0.7653606369886217,1.0,0.7653606369886217
nDCG@3,689,0.0,0.0,0.0
nDCG@3,302,1.0,1.0,1.0
nDCG@3,315,0.0,0.0,0.0
nDCG@3,321,1.0,1.0,1.0
nDCG@3,322,0.23463936301137822,0.23463936301137822,0.23463936301137822
nDCG@3,338,0.2960819109658652,0.46927872602275644,0.2960819109658652
nDCG@3,349,0.7653606369886217,1.0,0.7653606369886217
nDCG@3,351,1.0,1.0,1.0
nDCG@3,353,0.2960819109658652,0.7653606369886217,0.2960819109658652
nDCG@3,355,0.46927872602275644,0.46927872602275644,0.46927872602275644
nDCG@3,358,1.0,1.0,1.0
nDCG@3,359,0.23463936301137822,0.0,0.23463936301137822
nDCG@3,364,0.7653606369886217,1.0,0.7653606369886217
nDCG@3,372,1.0,1.0,1.0
nDCG@3,375,0.7039180890341347,0.7039180890341347,0.7039180890341347
nDCG@3,388,0.0,0.0,0.0
nDCG@3,389,0.7039180890341347,0.7039180890341347,0.7039180890341347
nDCG@3,393,0.46927872602275644,0.7653606369886217,0.46927872602275644
nDCG@3,400,1.0,1.0,1.0
nDCG@3,403,0.7039180890341347,1.0,0.7039180890341347
nDCG@3,404,0.0,0.0,0.0
nDCG@3,407,0.7653606369886217,0.7653606369886217,0.7653606369886217
nDCG@3,408,0.0,0.0,0.0
nDCG@3,417,0.7039180890341347,1.0,0.7039180890341347
nDCG@3,422,1.0,1.0,1.0
nDCG@3,430,0.7039180890341347,1.0,0.7039180890341347
nDCG@3,431,1.0,1.0,1.0
nDCG@3,450,1.0,1.0,1.0
nDCG@3,602,0.5,0.38268031849431083,0.5
nDCG@3,608,0.46927872602275644,0.46927872602275644,0.46927872602275644
nDCG@3,611,0.5865984075284455,0.46927872602275644,0.5865984075284455
nDCG@3,620,0.0,0.0,0.0
nDCG@3,625,0.617319681505689,0.617319681505689,0.617319681505689
nDCG@3,630,0.8670870086853021,0.8670870086853021,0.8670870086853021
nDCG@3,638,0.11731968150568911,0.0,0.11731968150568911
nDCG@3,639,0.7653606369886217,0.7653606369886217,0.7653606369886217
nDCG@3,640,0.7653606369886217,0.8826803184943108,0.7653606369886217
nDCG@3,642,0.0,0.46927872602275644,0.0
nDCG@3,653,0.7653606369886217,1.0,0.7653606369886217
nDCG@3,654,1.0,1.0,1.0
nDCG@3,657,0.7653606369886217,1.0,0.7653606369886217
nDCG@3,658,1.0,1.0,1.0
nDCG@3,660,0.7653606369886217,0.7653606369886217,0.7653606369886217
nDCG@3,661,0.8826803184943108,0.8826803184943108,0.8826803184943108
nDCG@3,665,0.47909091485969846,0.47909091485969846,0.47909091485969846
nDCG@3,671,0.5,0.38268031849431083,0.5
nDCG@3,686,0.38268031849431083,0.46927872602275644,0.38268031849431083
nDCG@3,693,0.35195904451706733,0.23463936301137822,0.35195904451706733
nDCG@3,697,0.5307212739772434,0.8826803184943108,0.5307212739772434
nDCG@3,700,1.0,1.0,1.0
