query_id,measure,value
301,AP,0.1632770469367188
301,RR,1.0
301,R@1000,0.42857142857142855
301,nDCG@3,1.0
301,nDCG@10,0.7631925784528223
301,nDCG@20,0.7747246118390967
301,nDCG@100,0.5319525536973226
302,AP,0.38539456889709606
302,RR,1.0
302,R@1000,0.7692307692307693
302,nDCG@3,1.0
302,nDCG@10,0.7778721720600673
302,nDCG@20,0.7513421633815728
302,nDCG@100,0.5816675046144713
303,AP,0.09008796872981167
303,RR,0.1111111111111111
303,R@1000,1.0
303,nDCG@3,0.0
303,nDCG@10,0.06625422345438903
303,nDCG@20,0.1257314161834312
303,nDCG@100,0.3181025856092972
304,AP,0.1066552348581673
304,RR,1.0
304,R@1000,0.6071428571428571
304,nDCG@3,0.46927872602275644
304,nDCG@10,0.43810818083050457
304,nDCG@20,0.2827407150011917
304,nDCG@100,0.2245061210652447
305,AP,0.07817768868572804
305,RR,1.0
305,R@1000,0.5714285714285714
305,nDCG@3,0.7039180890341347
305,nDCG@10,0.33013764944712026
305,nDCG@20,0.24592503001806296
305,nDCG@100,0.2237309346523375
306,AP,0.16980050745210398
306,RR,1.0
306,R@1000,0.5240963855421686
306,nDCG@3,1.0
306,nDCG@10,0.7917267193679839
306,nDCG@20,0.6530368857407839
306,nDCG@100,0.42809105172435
307,AP,0.22349439352613346
307,RR,1.0
307,R@1000,0.7047619047619048
307,nDCG@3,0.7039180890341347
307,nDCG@10,0.6399441431116327
307,nDCG@20,0.4493553427909632
307,nDCG@100,0.3603945281278941
308,AP,0.2867605036594584
308,RR,1.0
308,R@1000,1.0
308,nDCG@3,0.46927872602275644
308,nDCG@10,0.3903800499921017
308,nDCG@20,0.3903800499921017
308,nDCG@100,0.5319446775862905
309,AP,0.0
309,RR,0.0
309,R@1000,0.0
309,nDCG@3,0.0
309,nDCG@10,0.0
309,nDCG@20,0.0
309,nDCG@100,0.0
310,AP,0.2887119337409449
310,RR,1.0
310,R@1000,0.8461538461538461
310,nDCG@3,1.0
310,nDCG@10,0.5384313152574521
310,nDCG@20,0.45680980145197025
310,nDCG@100,0.48626282712929497
311,AP,0.15416487880739022
311,RR,1.0
311,R@1000,0.4010989010989011
311,nDCG@3,0.7653606369886217
311,nDCG@10,0.804810999209339
311,nDCG@20,0.7673218612081816
311,nDCG@100,0.4119284969519376
312,AP,0.14906078763645528
312,RR,1.0
312,R@1000,0.45454545454545453
312,nDCG@3,0.46927872602275644
312,nDCG@10,0.30523488393970116
312,nDCG@20,0.3406552730070425
312,nDCG@100,0.3406552730070425
313,AP,0.31293137100272794
313,RR,1.0
313,R@1000,0.5053763440860215
313,nDCG@3,1.0
313,nDCG@10,1.0
313,nDCG@20,0.8927637896777388
313,nDCG@100,0.4843696240142317
314,AP,0.07762121549494763
314,RR,1.0
314,R@1000,0.4318181818181818
314,nDCG@3,0.7653606369886217
314,nDCG@10,0.3589542101716347
314,nDCG@20,0.2657202990929833
314,nDCG@100,0.2470397300459822
315,AP,0.044172686073017456
315,RR,0.1111111111111111
315,R@1000,0.7014925373134329
315,nDCG@3,0.0
315,nDCG@10,0.06625422345438903
315,nDCG@20,0.04275831251503158
315,nDCG@100,0.07357287415924793
316,AP,0.04726742136722254
316,RR,1.0
316,R@1000,0.4411764705882353
316,nDCG@3,0.46927872602275644
316,nDCG@10,0.22009176629808017
316,nDCG@20,0.17755004954207163
316,nDCG@100,0.16009060422260515
317,AP,0.31297138420585624
317,RR,1.0
317,R@1000,0.5714285714285714
317,nDCG@3,1.0
317,nDCG@10,0.5473983622993502
317,nDCG@20,0.4888477717760943
317,nDCG@100,0.5792335038096701
318,AP,0.046333240461920694
318,RR,1.0
318,R@1000,0.24778761061946902
318,nDCG@3,0.7653606369886217
318,nDCG@10,0.3589542101716347
318,nDCG@20,0.3408513760572132
318,nDCG@100,0.18839669792698918
319,AP,0.05023413083161933
319,RR,0.05263157894736842
319,R@1000,0.4294117647058823
319,nDCG@3,0.0
319,nDCG@10,0.0
319,nDCG@20,0.032864970567577
319,nDCG@100,0.1286207160250565
320,AP,0.10383348584568097
320,RR,0.05555555555555555
320,R@1000,1.0
320,nDCG@3,0.0
320,nDCG@10,0.0
320,nDCG@20,0.07123530534387781
320,nDCG@100,0.3687401390938467
321,AP,0.21905306595739218
321,RR,1.0
321,R@1000,0.4975369458128079
321,nDCG@3,1.0
321,nDCG@10,1.0
321,nDCG@20,0.894318269157564
321,nDCG@100,0.5075801069580606
322,AP,0.07797508876236135
322,RR,0.3333333333333333
322,R@1000,0.5588235294117647
322,nDCG@3,0.23463936301137822
322,nDCG@10,0.1736666713479918
322,nDCG@20,0.18318525989112514
322,nDCG@100,0.2388418689402027
323,AP,0.1152952261373155
323,RR,1.0
323,R@1000,0.3114754098360656
323,nDCG@3,0.7039180890341347
323,nDCG@10,0.7312625444731047
323,nDCG@20,0.5059959416106607
323,nDCG@100,0.26470631169008546
324,AP,0.6666834588371536
324,RR,1.0
324,R@1000,0.8695652173913043
324,nDCG@3,1.0
324,nDCG@10,1.0
324,nDCG@20,1.0
324,nDCG@100,0.8385138545012673
325,AP,0.08067835938673866
325,RR,0.3333333333333333
325,R@1000,0.625
325,nDCG@3,0.23463936301137822
325,nDCG@10,0.18340980524840012
325,nDCG@20,0.15070499084303424
325,nDCG@100,0.24398213732680937
326,AP,0.3431099833562817
326,RR,0.3333333333333333
326,R@1000,0.8260869565217391
326,nDCG@3,0.23463936301137822
326,nDCG@10,0.48964844873235525
326,nDCG@20,0.4591949732084477
326,nDCG@100,0.5193269864234692
327,AP,0.29699963990199074
327,RR,1.0
327,R@1000,0.8181818181818182
327,nDCG@3,0.7653606369886217
327,nDCG@10,0.42520843362602373
327,nDCG@20,0.5097262341919443
327,nDCG@100,0.541005473007758
328,AP,0.200192156507015
328,RR,1.0
328,R@1000,0.625
328,nDCG@3,0.46927872602275644
328,nDCG@10,0.40888058204748884
328,nDCG@20,0.40888058204748884
328,nDCG@100,0.40888058204748884
329,AP,0.4049791135328017
329,RR,1.0
329,R@1000,0.6857142857142857
329,nDCG@3,1.0
329,nDCG@10,1.0
329,nDCG@20,0.7521269671013167
329,nDCG@100,0.5929795712442092
330,AP,0.20445321068875352
330,RR,1.0
330,R@1000,0.7166666666666667
330,nDCG@3,0.7653606369886217
330,nDCG@10,0.5861163849908828
330,nDCG@20,0.52476117685715
330,nDCG@100,0.4109582679362334
331,AP,0.40536113796539186
331,RR,1.0
331,R@1000,0.7323943661971831
331,nDCG@3,1.0
331,nDCG@10,0.933745776545611
331,nDCG@20,0.9243767169173913
331,nDCG@100,0.6947508986652597
332,AP,0.03912382520202631
332,RR,0.125
332,R@1000,0.2677165354330709
332,nDCG@3,0.0
332,nDCG@10,0.199306233590118
332,nDCG@20,0.19492819745588286
332,nDCG@100,0.19353143661146238
333,AP,0.24278834136032384
333,RR,1.0
333,R@1000,0.6
333,nDCG@3,0.7039180890341347
333,nDCG@10,0.6528642754944294
333,nDCG@20,0.5927947997555304
333,nDCG@100,0.46799888391031214
334,AP,0.12306527243815202
334,RR,1.0
334,R@1000,0.7777777777777778
334,nDCG@3,0.46927872602275644
334,nDCG@10,0.23504554941448536
334,nDCG@20,0.23504554941448536
334,nDCG@100,0.2786345170115305
335,AP,0.5302610289792982
335,RR,1.0
335,R@1000,0.9848484848484849
335,nDCG@3,0.7039180890341347
335,nDCG@10,0.8611375561264454
335,nDCG@20,0.7709228909518252
335,nDCG@100,0.6585089480848656
336,AP,0.057746892347841826
336,RR,0.125
336,R@1000,0.6666666666666666
336,nDCG@3,0.0
336,nDCG@10,0.13568544539116628
336,nDCG@20,0.12105366058507118
336,nDCG@100,0.19739591291813627
337,AP,0.18960004986939094
337,RR,1.0
337,R@1000,0.5483870967741935
337,nDCG@3,0.46927872602275644
337,nDCG@10,0.542042305486879
337,nDCG@20,0.561859829774583
337,nDCG@100,0.3822217670861689
338,AP,0.19789628180039137
338,RR,0.5
338,R@1000,0.75
338,nDCG@3,0.2960819109658652
338,nDCG@10,0.3764290720714305
338,nDCG@20,0.3764290720714305
338,nDCG@100,0.3764290720714305
339,AP,0.2330730672835936
339,RR,0.2
339,R@1000,0.8
339,nDCG@3,0.0
339,nDCG@10,0.23690530871965634
339,nDCG@20,0.40429784870163954
339,nDCG@100,0.4851384245012768
340,AP,0.18280879914755938
340,RR,1.0
340,R@1000,0.3333333333333333
340,nDCG@3,1.0
340,nDCG@10,0.857980942822373
340,nDCG@20,0.6936570739682547
340,nDCG@100,0.3704798628788683
341,AP,0.2367361868773297
341,RR,0.5
341,R@1000,0.7564102564102564
341,nDCG@3,0.2960819109658652
341,nDCG@10,0.38541299932114065
341,nDCG@20,0.46330286328612497
341,nDCG@100,0.3916644906305953
342,AP,0.045549040080658854
342,RR,0.1111111111111111
342,R@1000,0.55
342,nDCG@3,0.0
342,nDCG@10,0.06625422345438903
342,nDCG@20,0.0750966036633514
342,nDCG@100,0.20782755245819276
343,AP,0.10808629555754978
343,RR,1.0
343,R@1000,0.40310077519379844
343,nDCG@3,0.7039180890341347
343,nDCG@10,0.5365535816822092
343,nDCG@20,0.4956495901605581
343,nDCG@100,0.34191493153661
344,AP,0.3762331354560173
344,RR,0.5
344,R@1000,1.0
344,nDCG@3,0.2960819109658652
344,nDCG@10,0.4912596920895758
344,nDCG@20,0.5725945374779955
344,nDCG@100,0.5725945374779955
345,AP,0.22961397750829635
345,RR,1.0
345,R@1000,0.9473684210526315
345,nDCG@3,1.0
345,nDCG@10,0.5473983622993502
345,nDCG@20,0.3887830395368609
345,nDCG@100,0.4367049790177858
346,AP,0.09779998955830618
346,RR,0.5
346,R@1000,0.7142857142857143
346,nDCG@3,0.2960819109658652
346,nDCG@10,0.28088150105118154
346,nDCG@20,0.2945558549756486
346,nDCG@100,0.15557172721134357
347,AP,0.07385160296119446
347,RR,0.0625
347,R@1000,0.6118421052631579
347,nDCG@3,0.0
347,nDCG@10,0.0
347,nDCG@20,0.03475017269886857
347,nDCG@100,0.10775008690306877
348,AP,0.0
348,RR,0.0
348,R@1000,0.0
348,nDCG@3,0.0
348,nDCG@10,0.0
348,nDCG@20,0.0
348,nDCG@100,0.0
349,AP,0.11107592702062784
349,RR,1.0
349,R@1000,0.3287671232876712
349,nDCG@3,0.7653606369886217
349,nDCG@10,0.6719377023185354
349,nDCG@20,0.5438975893379154
349,nDCG@100,0.25386719880126973
350,AP,0.10779814054601929
350,RR,1.0
350,R@1000,0.4117647058823529
350,nDCG@3,0.7039180890341347
350,nDCG@10,0.5695785062497354
350,nDCG@20,0.40597200848354936
350,nDCG@100,0.28332953479672
351,AP,0.5774338936016129
351,RR,1.0
351,R@1000,0.875
351,nDCG@3,1.0
351,nDCG@10,1.0
351,nDCG@20,0.9671350294324229
351,nDCG@100,0.7067882005094704
352,AP,0.011185041115998294
352,RR,1.0
352,R@1000,0.056910569105691054
352,nDCG@3,0.46927872602275644
352,nDCG@10,0.3557772116892465
352,nDCG@20,0.29855449704348846
352,nDCG@100,0.12647742348398328
353,AP,0.15576061003538294
353,RR,0.5
353,R@1000,0.6229508196721312
353,nDCG@3,0.2960819109658652
353,nDCG@10,0.2835149363066189
353,nDCG@20,0.36468500168493756
353,nDCG@100,0.3225021474242704
354,AP,0.0675884138839495
354,RR,0.3333333333333333
354,R@1000,0.3490304709141274
354,nDCG@3,0.23463936301137822
354,nDCG@10,0.24309789328476902
354,nDCG@20,0.19527208097077234
354,nDCG@100,0.2497441784575245
355,AP,0.09671529294934368
355,RR,1.0
355,R@1000,0.5555555555555556
355,nDCG@3,0.46927872602275644
355,nDCG@10,0.2984900352767555
355,nDCG@20,0.22899201059681318
355,nDCG@100,0.2764013445198528
356,AP,0.06370427216677661
356,RR,0.25
356,R@1000,0.5294117647058824
356,nDCG@3,0.0
356,nDCG@10,0.09478836436955078
356,nDCG@20,0.10925728679573742
356,nDCG@100,0.23417687475008728
357,AP,0.31365101593582817
357,RR,1.0
357,R@1000,0.6555555555555556
357,nDCG@3,0.7039180890341347
357,nDCG@10,0.6547216238913564
357,nDCG@20,0.7093203088734759
357,nDCG@100,0.6324424447475917
358,AP,0.284525454200231
358,RR,1.0
358,R@1000,0.8823529411764706
358,nDCG@3,1.0
358,nDCG@10,0.6325414799409712
358,nDCG@20,0.555040467876482
358,nDCG@100,0.4751027138406468
359,AP,0.05063732665973455
359,RR,0.3333333333333333
359,R@1000,0.6428571428571429
359,nDCG@3,0.23463936301137822
359,nDCG@10,0.11004588314904008
359,nDCG@20,0.11064108687264426
359,nDCG@100,0.18712878440957162
360,AP,0.3633097617601058
360,RR,1.0
360,R@1000,0.7218543046357616
360,nDCG@3,1.0
360,nDCG@10,0.9305687780632227
360,nDCG@20,0.8111750751288797
360,nDCG@100,0.563580775486766
361,AP,0.36663386935126063
361,RR,1.0
361,R@1000,0.7777777777777778
361,nDCG@3,0.7653606369886217
361,nDCG@10,0.45749139526970894
361,nDCG@20,0.5192259995359852
361,nDCG@100,0.6632867770721304
362,AP,0.09377677477315598
362,RR,1.0
362,R@1000,0.7948717948717948
362,nDCG@3,0.46927872602275644
362,nDCG@10,0.22009176629808017
362,nDCG@20,0.2508823652455887
362,nDCG@100,0.2539154622014619
363,AP,0.31482882737068546
363,RR,0.3333333333333333
363,R@1000,0.9375
363,nDCG@3,0.23463936301137822
363,nDCG@10,0.4198523768135526
363,nDCG@20,0.4326015449715078
363,nDCG@100,0.5580868588702327
364,AP,0.45215717079626294
364,RR,1.0
364,R@1000,0.8285714285714286
364,nDCG@3,0.7653606369886217
364,nDCG@10,0.8236998933965709
364,nDCG@20,0.7076157347234514
364,nDCG@100,0.6932823100246599
365,AP,0.3387945824932391
365,RR,1.0
365,R@1000,0.6285714285714286
365,nDCG@3,1.0
365,nDCG@10,0.8701249883466593
365,nDCG@20,0.7076993325363978
365,nDCG@100,0.5246619116624818
366,AP,0.11461500885389693
366,RR,0.5
366,R@1000,0.32323232323232326
366,nDCG@3,0.5307212739772434
366,nDCG@10,0.6188656458779801
366,nDCG@20,0.5717967257693525
366,nDCG@100,0.2484209622195577
367,AP,0.049732637978796373
367,RR,0.2
367,R@1000,0.24338624338624337
367,nDCG@3,0.0
367,nDCG@10,0.3667803203729971
367,nDCG@20,0.30984285369066084
367,nDCG@100,0.21656041298145912
368,AP,0.5861177331833137
368,RR,1.0
368,R@1000,0.9016393442622951
368,nDCG@3,1.0
368,nDCG@10,0.933745776545611
368,nDCG@20,0.8519378982033018
368,nDCG@100,0.7344630768311267
369,AP,0.4594052013141944
369,RR,1.0
369,R@1000,0.6923076923076923
369,nDCG@3,1.0
369,nDCG@10,0.6489315753318465
369,nDCG@20,0.5996031418782868
369,nDCG@100,0.6729862957800105
370,AP,0.1330073651080068
370,RR,0.3333333333333333
370,R@1000,0.48214285714285715
370,nDCG@3,0.23463936301137822
370,nDCG@10,0.2735872697693364
370,nDCG@20,0.32738675635948905
370,nDCG@100,0.3608873979800924
371,AP,0.00822887927320176
371,RR,0.07142857142857142
371,R@1000,0.47058823529411764
371,nDCG@3,0.0
371,nDCG@10,0.0
371,nDCG@20,0.040334958690002705
371,nDCG@100,0.040334958690002705
372,AP,0.6386494921435353
372,RR,1.0
372,R@1000,0.8571428571428571
372,nDCG@3,1.0
372,nDCG@10,0.9305687780632227
372,nDCG@20,0.9188350684097895
372,nDCG@100,0.7798693447902948
373,AP,0.09754902715464223
373,RR,1.0
373,R@1000,0.7575757575757576
373,nDCG@3,0.46927872602275644
373,nDCG@10,0.2934556883974402
373,nDCG@20,0.2217250106598629
373,nDCG@100,0.26707379741568643
374,AP,0.13775472863889748
374,RR,1.0
374,R@1000,0.37745098039215685
374,nDCG@3,0.46927872602275644
374,nDCG@10,0.530263109944618
374,nDCG@20,0.5194776447368832
374,nDCG@100,0.4195389485011028
375,AP,0.10664341307314999
375,RR,1.0
375,R@1000,0.425
375,nDCG@3,0.7039180890341347
375,nDCG@10,0.4885468020156227
375,nDCG@20,0.4948184453932699
375,nDCG@100,0.272939846988269
376,AP,0.023307957074764466
376,RR,1.0
376,R@1000,0.14705882352941177
376,nDCG@3,0.7039180890341347
376,nDCG@10,0.33013764944712026
376,nDCG@20,0.2526811265063016
376,nDCG@100,0.0923163738143324
377,AP,0.09922212853545588
377,RR,0.5
377,R@1000,0.5641025641025641
377,nDCG@3,0.2960819109658652
377,nDCG@10,0.35031272298795885
377,nDCG@20,0.2979025227166177
377,nDCG@100,0.274176894248321
378,AP,0.019380350281651557
378,RR,0.07142857142857142
378,R@1000,0.35714285714285715
378,nDCG@3,0.0
378,nDCG@10,0.0
378,nDCG@20,0.036356287988538835
378,nDCG@100,0.055472627150149896
379,AP,0.07855113636363636
379,RR,1.0
379,R@1000,0.1875
379,nDCG@3,0.46927872602275644
379,nDCG@10,0.22009176629808017
379,nDCG@20,0.20945680501644456
379,nDCG@100,0.24002550070350698
380,AP,0.2570834286555751
380,RR,1.0
380,R@1000,0.7142857142857143
380,nDCG@3,0.7039180890341347
380,nDCG@10,0.41231449937143627
380,nDCG@20,0.41231449937143627
380,nDCG@100,0.506850762106071
381,AP,0.09701087936133665
381,RR,1.0
381,R@1000,0.5
381,nDCG@3,0.46927872602275644
381,nDCG@10,0.28952298823485745
381,nDCG@20,0.29372841576617054
381,nDCG@100,0.29765063514409734
382,AP,0.541943519104194
382,RR,1.0
382,R@1000,0.7272727272727273
382,nDCG@3,1.0
382,nDCG@10,0.9363792118010483
382,nDCG@20,0.6779716074280369
382,nDCG@100,0.717740303504129
383,AP,0.05885193089434867
383,RR,0.14285714285714285
383,R@1000,0.3904109589041096
383,nDCG@3,0.0
383,nDCG@10,0.14279514403613733
383,nDCG@20,0.20203657314265602
383,nDCG@100,0.1542558018154913
384,AP,0.12572554005903086
384,RR,0.5
384,R@1000,1.0
384,nDCG@3,0.2960819109658652
384,nDCG@10,0.13886244387355454
384,nDCG@20,0.12800192536872637
384,nDCG@100,0.24646034018514776
385,AP,0.3521480028984756
385,RR,1.0
385,R@1000,0.7906976744186046
385,nDCG@3,1.0
385,nDCG@10,1.0
385,nDCG@20,0.7861398516189289
385,nDCG@100,0.4999525927066769
386,AP,0.1201105773828562
386,RR,1.0
386,R@1000,0.8421052631578947
386,nDCG@3,0.46927872602275644
386,nDCG@10,0.22009176629808017
386,nDCG@20,0.1807501615505622
386,nDCG@100,0.38123884494483024
387,AP,0.11064622771386444
387,RR,1.0
387,R@1000,0.7529411764705882
387,nDCG@3,0.46927872602275644
387,nDCG@10,0.3679212572135327
387,nDCG@20,0.3466174144733439
387,nDCG@100,0.22765384318554552
388,AP,0.019871325733406678
388,RR,0.14285714285714285
388,R@1000,0.3137254901960784
388,nDCG@3,0.0
388,nDCG@10,0.07336392209936005
388,nDCG@20,0.11930603808202117
388,nDCG@100,0.10495958673085348
389,AP,0.05447172642636071
389,RR,1.0
389,R@1000,0.28865979381443296
389,nDCG@3,0.7039180890341347
389,nDCG@10,0.48153499054313026
389,nDCG@20,0.4211322688444772
389,nDCG@100,0.2456214393205204
390,AP,0.1450686519625483
390,RR,1.0
390,R@1000,0.6343283582089553
390,nDCG@3,0.7653606369886217
390,nDCG@10,0.5919268187287083
390,nDCG@20,0.4203948796506584
390,nDCG@100,0.29969146993161017
391,AP,0.26601100168819514
391,RR,1.0
391,R@1000,0.6629213483146067
391,nDCG@3,1.0
391,nDCG@10,1.0
391,nDCG@20,0.7913189195990529
391,nDCG@100,0.4790511145826071
392,AP,0.2789226453648562
392,RR,1.0
392,R@1000,0.5047619047619047
392,nDCG@3,1.0
392,nDCG@10,0.857980942822373
392,nDCG@20,0.8040223827752285
392,nDCG@100,0.47991005366703937
393,AP,0.029276043139967244
393,RR,1.0
393,R@1000,0.16901408450704225
393,nDCG@3,0.46927872602275644
393,nDCG@10,0.3746661058764784
393,nDCG@20,0.24179727130731493
393,nDCG@100,0.11687947040013681
394,AP,0.10182722208044293
394,RR,1.0
394,R@1000,0.29411764705882354
394,nDCG@3,0.7039180890341347
394,nDCG@10,0.33013764944712026
394,nDCG@20,0.23637640617034447
394,nDCG@100,0.23637640617034447
395,AP,0.14233395259640658
395,RR,0.3333333333333333
395,R@1000,0.5821596244131455
395,nDCG@3,0.23463936301137822
395,nDCG@10,0.11004588314904008
395,nDCG@20,0.14350605744022127
395,nDCG@100,0.24944728119436152
396,AP,0.3484283587271564
396,RR,1.0
396,R@1000,0.8135593220338984
396,nDCG@3,1.0
396,nDCG@10,0.933745776545611
396,nDCG@20,0.780453495955125
396,nDCG@100,0.5539509625962641
397,AP,0.67883326264921
397,RR,1.0
397,R@1000,0.9629629629629629
397,nDCG@3,1.0
397,nDCG@10,0.8415908474314976
397,nDCG@20,0.726822689758656
397,nDCG@100,0.8745729327797289
398,AP,0.1717710209120438
398,RR,1.0
398,R@1000,0.5448275862068965
398,nDCG@3,0.7039180890341347
398,nDCG@10,0.6528642754944294
398,nDCG@20,0.6364338636515653
398,nDCG@100,0.3928739839627638
399,AP,0.12080234146379962
399,RR,1.0
399,R@1000,0.5588235294117647
399,nDCG@3,1.0
399,nDCG@10,0.6300426811446146
399,nDCG@20,0.4742241178133384
399,nDCG@100,0.25765106330331544
400,AP,0.4559596048938617
400,RR,1.0
400,R@1000,0.816
400,nDCG@3,1.0
400,nDCG@10,0.9216017310213247
400,nDCG@20,0.8439312150128118
400,nDCG@100,0.6037718947758317
401,AP,0.34138507597072487
401,RR,1.0
401,R@1000,0.64
401,nDCG@3,1.0
401,nDCG@10,0.84860265890399
401,nDCG@20,0.8649863490465378
401,nDCG@100,0.7130802208622437
402,AP,0.26322430283685305
402,RR,1.0
402,R@1000,0.8
402,nDCG@3,1.0
402,nDCG@10,0.7791714369672127
402,nDCG@20,0.6379674111783947
402,nDCG@100,0.420691526437508
403,AP,0.7111920407141324
403,RR,1.0
403,R@1000,0.9523809523809523
403,nDCG@3,0.7039180890341347
403,nDCG@10,0.7975167679274937
403,nDCG@20,0.8022354695625792
403,nDCG@100,0.8345287298394032
404,AP,0.07855974243746408
404,RR,0.05555555555555555
404,R@1000,0.7112676056338029
404,nDCG@3,0.0
404,nDCG@10,0.0
404,nDCG@20,0.0334374913847135
404,nDCG@100,0.07607608518045382
405,AP,0.3102278178247233
405,RR,0.5
405,R@1000,1.0
405,nDCG@3,0.5307212739772434
405,nDCG@10,0.46692474155501895
405,nDCG@20,0.4395067422369502
405,nDCG@100,0.5618970058909115
406,AP,0.12934712009241348
406,RR,0.2
406,R@1000,0.7692307692307693
406,nDCG@3,0.0
406,nDCG@10,0.1635413866202963
406,nDCG@20,0.13874993194902863
406,nDCG@100,0.36283723876993246
407,AP,0.09866477691686737
407,RR,1.0
407,R@1000,0.5588235294117647
407,nDCG@3,0.7653606369886217
407,nDCG@10,0.4985723557253838
407,nDCG@20,0.35582529148590064
407,nDCG@100,0.26775299719289225
408,AP,0.1655877899841104
408,RR,0.25
408,R@1000,0.6779661016949152
408,nDCG@3,0.0
408,nDCG@10,0.09478836436955078
408,nDCG@20,0.20704863409341992
408,nDCG@100,0.29849147179461427
409,AP,0.12147026437905191
409,RR,0.5
409,R@1000,0.3181818181818182
409,nDCG@3,0.5307212739772434
409,nDCG@10,0.40995091484653445
409,nDCG@20,0.2645689349132356
409,nDCG@100,0.2999600426883537
410,AP,0.42303013298452263
410,RR,1.0
410,R@1000,0.6307692307692307
410,nDCG@3,1.0
410,nDCG@10,1.0
410,nDCG@20,1.0
410,nDCG@100,0.5662945192767096
411,AP,0.22367166892147913
411,RR,1.0
411,R@1000,0.7037037037037037
411,nDCG@3,0.7039180890341347
411,nDCG@10,0.3995688713838975
411,nDCG@20,0.43547136489670196
411,nDCG@100,0.5029261682980039
412,AP,0.411800577739092
412,RR,0.5
412,R@1000,0.7479674796747967
412,nDCG@3,0.5307212739772434
412,nDCG@10,0.7799082337019199
412,nDCG@20,0.7903448170998971
412,nDCG@100,0.5668980742988441
413,AP,0.05783693479458374
413,RR,0.025
413,R@1000,0.7536231884057971
413,nDCG@3,0.0
413,nDCG@10,0.0
413,nDCG@20,0.0
413,nDCG@100,0.0633250225940126
414,AP,0.2895316552150504
414,RR,1.0
414,R@1000,0.7948717948717948
414,nDCG@3,1.0
414,nDCG@10,0.642186726668901
414,nDCG@20,0.5917094924922804
414,nDCG@100,0.5386332784271733
415,AP,0.0867979997275975
415,RR,1.0
415,R@1000,0.27941176470588236
415,nDCG@3,0.7653606369886217
415,nDCG@10,0.6691255538181726
415,nDCG@20,0.5377168862605035
415,nDCG@100,0.27890115224236656
416,AP,0.21356919354862663
416,RR,0.25
416,R@1000,0.6904761904761905
416,nDCG@3,0.0
416,nDCG@10,0.1610425878239398
416,nDCG@20,0.2772743433998243
416,nDCG@100,0.4718326669632534
417,AP,0.15265754547603325
417,RR,1.0
417,R@1000,0.4533333333333333
417,nDCG@3,0.7039180890341347
417,nDCG@10,0.7191184989488184
417,nDCG@20,0.5372304097593442
417,nDCG@100,0.32126695997176286
418,AP,0.01559050601059917
418,RR,0.2
418,R@1000,0.09482758620689655
418,nDCG@3,0.0
418,nDCG@10,0.22793826167775827
418,nDCG@20,0.18548854971692627
418,nDCG@100,0.08233538194079183
419,AP,0.11595549947364465
419,RR,1.0
419,R@1000,0.4375
419,nDCG@3,0.46927872602275644
419,nDCG@10,0.22009176629808017
419,nDCG@20,0.24239433497356533
419,nDCG@100,0.3427912553846875
420,AP,0.3549046744473591
420,RR,1.0
420,R@1000,0.8181818181818182
420,nDCG@3,0.7039180890341347
420,nDCG@10,0.5631102580041939
420,nDCG@20,0.6159135551172463
420,nDCG@100,0.5942814867222219
421,AP,0.058604035456273566
421,RR,0.5
421,R@1000,0.46987951807228917
421,nDCG@3,0.5307212739772434
421,nDCG@10,0.3436966913921454
421,nDCG@20,0.25467559296578096
421,nDCG@100,0.14540973951900166
422,AP,0.5428819360716443
422,RR,1.0
422,R@1000,0.7828947368421053
422,nDCG@3,1.0
422,nDCG@10,0.933745776545611
422,nDCG@20,0.9572416874849684
422,nDCG@100,0.775773677878624
423,AP,0.1795207593245035
423,RR,1.0
423,R@1000,0.7619047619047619
423,nDCG@3,0.7039180890341347
423,nDCG@10,0.48471198902551854
423,nDCG@20,0.3128172911241436
423,nDCG@100,0.425308988673026
424,AP,0.055574951628661814
424,RR,0.041666666666666664
424,R@1000,0.4269005847953216
424,nDCG@3,0.0
424,nDCG@10,0.0
424,nDCG@20,0.0
424,nDCG@100,0.11328303974738857
425,AP,0.42353269730042353
425,RR,1.0
425,R@1000,0.5679012345679012
425,nDCG@3,1.0
425,nDCG@10,1.0
425,nDCG@20,1.0
425,nDCG@100,0.7203592747880578
426,AP,0.12678330158334136
426,RR,1.0
426,R@1000,0.3811881188118812
426,nDCG@3,0.46927872602275644
426,nDCG@10,0.5711601909662336
426,nDCG@20,0.6215626740073822
426,nDCG@100,0.35910883889863693
427,AP,0.1760295066797846
427,RR,0.5
427,R@1000,0.8
427,nDCG@3,0.2960819109658652
427,nDCG@10,0.44903378752009243
427,nDCG@20,0.35619300822506955
427,nDCG@100,0.3944334597951315
428,AP,0.2691543778542162
428,RR,1.0
428,R@1000,0.5423728813559322
428,nDCG@3,1.0
428,nDCG@10,0.914856882358379
428,nDCG@20,0.7338965790730069
428,nDCG@100,0.47958634727253735
429,AP,0.4779437788121321
429,RR,1.0
429,R@1000,0.9090909090909091
429,nDCG@3,1.0
429,nDCG@10,0.6840182226156365
429,nDCG@20,0.6444532734109876
429,nDCG@100,0.6839662484632286
430,AP,0.7218253968253969
430,RR,1.0
430,R@1000,1.0
430,nDCG@3,0.7039180890341347
430,nDCG@10,0.8021574504628255
430,nDCG@20,0.8778080538375288
430,nDCG@100,0.8778080538375288
431,AP,0.35073724678333384
431,RR,1.0
431,R@1000,0.5461538461538461
431,nDCG@3,1.0
431,nDCG@10,1.0
431,nDCG@20,0.9335987365956977
431,nDCG@100,0.5772426351777821
432,AP,0.01268763850111328
432,RR,0.05263157894736842
432,R@1000,0.4642857142857143
432,nDCG@3,0.0
432,nDCG@10,0.0
432,nDCG@20,0.032864970567577
432,nDCG@100,0.08208218242077953
433,AP,0.009615384615384616
433,RR,0.1
433,R@1000,0.15384615384615385
433,nDCG@3,0.0
433,nDCG@10,0.06362078819895171
433,nDCG@20,0.05397642893687311
433,nDCG@100,0.08342945461419782
434,AP,0.49909775860437666
434,RR,1.0
434,R@1000,0.7146974063400576
434,nDCG@3,1.0
434,nDCG@10,1.0
434,nDCG@20,1.0
434,nDCG@100,0.8765166182343858
435,AP,0.06878377959196326
435,RR,0.3333333333333333
435,R@1000,0.452991452991453
435,nDCG@3,0.23463936301137822
435,nDCG@10,0.17630010660342912
435,nDCG@20,0.11377833233186024
435,nDCG@100,0.18746231101258876
436,AP,0.6207630503893117
436,RR,1.0
436,R@1000,0.9166666666666666
436,nDCG@3,1.0
436,nDCG@10,0.8364586133797037
436,nDCG@20,0.8216389686785381
436,nDCG@100,0.7673072428052625
437,AP,0.011997488507416708
437,RR,0.037037037037037035
437,R@1000,0.375
437,nDCG@3,0.0
437,nDCG@10,0.0
437,nDCG@20,0.0
437,nDCG@100,0.03230799893839518
438,AP,0.186216304987659
438,RR,1.0
438,R@1000,0.630057803468208
438,nDCG@3,0.46927872602275644
438,nDCG@10,0.42914113378860647
438,nDCG@20,0.4553038141009033
438,nDCG@100,0.3444951419479893
439,AP,0.016348154735039415
439,RR,0.25
439,R@1000,0.228310502283105
439,nDCG@3,0.0
439,nDCG@10,0.1610425878239398
439,nDCG@20,0.10393162789306344
439,nDCG@100,0.06815130064609187
440,AP,0.18991631313922047
440,RR,1.0
440,R@1000,0.42592592592592593
440,nDCG@3,1.0
440,nDCG@10,0.84860265890399
440,nDCG@20,0.5860450860383078
440,nDCG@100,0.3837037578278147
441,AP,0.34843963226316166
441,RR,1.0
441,R@1000,0.5882352941176471
441,nDCG@3,0.7039180890341347
441,nDCG@10,0.702728403557943
441,nDCG@20,0.5390262088188568
441,nDCG@100,0.5708344499355523
442,AP,0.062302847925742075
442,RR,0.5
442,R@1000,0.3404255319148936
442,nDCG@3,0.2960819109658652
442,nDCG@10,0.2835149363066189
442,nDCG@20,0.2164087740777056
442,nDCG@100,0.196163182374792
443,AP,0.24883762510927476
443,RR,1.0
443,R@1000,0.6470588235294118
443,nDCG@3,1.0
443,nDCG@10,0.7859162856301584
443,nDCG@20,0.7291336355520869
443,nDCG@100,0.3898800793874282
444,AP,0.12217943245017095
444,RR,1.0
444,R@1000,0.6470588235294118
444,nDCG@3,0.46927872602275644
444,nDCG@10,0.30523488393970116
444,nDCG@20,0.25993562375717216
444,nDCG@100,0.3446723909395349
445,AP,0.4873690921289442
445,RR,1.0
445,R@1000,0.7258064516129032
445,nDCG@3,1.0
445,nDCG@10,1.0
445,nDCG@20,0.932499536359304
445,nDCG@100,0.6300014136625965
446,AP,0.2046432117657759
446,RR,1.0
446,R@1000,0.5123456790123457
446,nDCG@3,1.0
446,nDCG@10,0.6274092458891772
446,nDCG@20,0.5772342338311587
446,nDCG@100,0.46526765429109573
447,AP,0.0016062548235880585
447,RR,0.009708737864077669
447,R@1000,0.1875
447,nDCG@3,0.0
447,nDCG@10,0.0
447,nDCG@20,0.0
447,nDCG@100,0.0
448,AP,0.024084010272277544
448,RR,0.5
448,R@1000,0.34782608695652173
448,nDCG@3,0.2960819109658652
448,nDCG@10,0.13886244387355454
448,nDCG@20,0.12436745990221204
448,nDCG@100,0.0897411559855629
449,AP,0.08517424808786048
449,RR,0.3333333333333333
449,R@1000,0.5970149253731343
449,nDCG@3,0.23463936301137822
449,nDCG@10,0.3372080579682881
449,nDCG@20,0.2919943100050048
449,nDCG@100,0.20335273836570622
450,AP,0.2808557040989302
450,RR,1.0
450,R@1000,0.6996587030716723
450,nDCG@3,1.0
450,nDCG@10,0.6683063269107928
450,nDCG@20,0.6783298369759807
450,nDCG@100,0.5181796219129745
601,AP,0.5042373607540702
601,RR,1.0
601,R@1000,1.0
601,nDCG@3,0.43354350434265104
601,nDCG@10,0.49392169351461673
601,nDCG@20,0.49392169351461673
601,nDCG@100,0.5820771623792087
602,AP,0.3390071771646775
602,RR,1.0
602,R@1000,0.9047619047619048
602,nDCG@3,0.5
602,nDCG@10,0.4925246673472291
602,nDCG@20,0.4722056375682494
602,nDCG@100,0.43551147091375175
603,AP,0.5335000839910863
603,RR,1.0
603,R@1000,0.8125
603,nDCG@3,0.8826803184943108
603,nDCG@10,0.5750653512381304
603,nDCG@20,0.7072444263761362
603,nDCG@100,0.789411982449288
604,AP,0.5757668439716311
604,RR,1.0
604,R@1000,0.875
604,nDCG@3,1.0
604,nDCG@10,0.8121219432967393
604,nDCG@20,0.8121219432967393
604,nDCG@100,0.8649994336266295
605,AP,0.23556134196121142
605,RR,1.0
605,R@1000,0.875
605,nDCG@3,0.7653606369886217
605,nDCG@10,0.5067837010870873
605,nDCG@20,0.5343472272865657
605,nDCG@100,0.39103679905736755
606,AP,0.1544785850990628
606,RR,1.0
606,R@1000,0.35714285714285715
606,nDCG@3,0.7653606369886217
606,nDCG@10,0.4590828233913731
606,nDCG@20,0.3991040918077942
606,nDCG@100,0.44305304771640586
607,AP,0.22632047904906927
607,RR,0.3333333333333333
607,R@1000,0.8181818181818182
607,nDCG@3,0.23463936301137822
607,nDCG@10,0.34695119186869644
607,nDCG@20,0.3748617283046406
607,nDCG@100,0.4525101998071924
608,AP,0.11718168851569542
608,RR,1.0
608,R@1000,0.6296296296296297
608,nDCG@3,0.46927872602275644
608,nDCG@10,0.3495898039969803
608,nDCG@20,0.36082126144334453
608,nDCG@100,0.3607869287137769
609,AP,0.2164431766357981
609,RR,1.0
609,R@1000,0.8
609,nDCG@3,0.5307212739772434
609,nDCG@10,0.46803894352310405
609,nDCG@20,0.41979242596540417
609,nDCG@100,0.4046298522945036
610,AP,0.010349456412852067
610,RR,0.04
610,R@1000,0.5
610,nDCG@3,0.0
610,nDCG@10,0.0
610,nDCG@20,0.0
610,nDCG@100,0.06437746926759551
611,AP,0.3179845671793813
611,RR,1.0
611,R@1000,0.9183673469387755
611,nDCG@3,0.5865984075284455
611,nDCG@10,0.45504618988377193
611,nDCG@20,0.5429920235432046
611,nDCG@100,0.5494288491998736
612,AP,0.29642593681905705
612,RR,0.2
612,R@1000,0.9411764705882353
612,nDCG@3,0.0
612,nDCG@10,0.14539148150909986
612,nDCG@20,0.36042560535058316
612,nDCG@100,0.468962190255133
613,AP,0.1016108561839324
613,RR,1.0
613,R@1000,0.46808510638297873
613,nDCG@3,0.46927872602275644
613,nDCG@10,0.32291168898636957
613,nDCG@20,0.3145165558291506
613,nDCG@100,0.2943463691799236
614,AP,0.09925879917184265
614,RR,1.0
614,R@1000,0.2
614,nDCG@3,0.38268031849431083
614,nDCG@10,0.4111760266325362
614,nDCG@20,0.3042607692412579
614,nDCG@100,0.24920473351938843
615,AP,0.048458055400056106
615,RR,0.09090909090909091
615,R@1000,0.75
615,nDCG@3,0.0
615,nDCG@10,0.0
615,nDCG@20,0.07955490903141084
615,nDCG@100,0.14001500616294157
616,AP,0.27227563641266317
616,RR,1.0
616,R@1000,0.7560975609756098
616,nDCG@3,0.46927872602275644
616,nDCG@10,0.4978323764997051
616,nDCG@20,0.5020962427937273
616,nDCG@100,0.5220357362531335
617,AP,0.18016176892392646
617,RR,1.0
617,R@1000,0.7352941176470589
617,nDCG@3,0.35195904451706733
617,nDCG@10,0.26220821964975516
617,nDCG@20,0.24619163723016868
617,nDCG@100,0.3154956062124263
618,AP,0.050197318281507496
618,RR,0.043478260869565216
618,R@1000,0.7037037037037037
618,nDCG@3,0.0
618,nDCG@10,0.0
618,nDCG@20,0.0
618,nDCG@100,0.1585577366720982
619,AP,0.43115048972113207
619,RR,0.5
619,R@1000,0.9523809523809523
619,nDCG@3,0.5307212739772434
619,nDCG@10,0.496060204718541
619,nDCG@20,0.5906390514005234
619,nDCG@100,0.6647312045084909
620,AP,0.03653571077491928
620,RR,0.03571428571428571
620,R@1000,0.7777777777777778
620,nDCG@3,0.0
620,nDCG@10,0.0
620,nDCG@20,0.0
620,nDCG@100,0.16541905844784552
621,AP,0.5594123443144182
621,RR,1.0
621,R@1000,0.7647058823529411
621,nDCG@3,1.0
621,nDCG@10,0.8537590083257416
621,nDCG@20,0.8753909567330381
621,nDCG@100,0.7811885933667289
622,AP,0.15678433476195197
622,RR,1.0
622,R@1000,0.5423728813559322
622,nDCG@3,0.617319681505689
622,nDCG@10,0.5108371309597195
622,nDCG@20,0.46243680143903326
622,nDCG@100,0.35663741194455534
623,AP,0.05775940915531093
623,RR,0.034482758620689655
623,R@1000,0.7368421052631579
623,nDCG@3,0.0
623,nDCG@10,0.0
623,nDCG@20,0.0
623,nDCG@100,0.1666976377321824
624,AP,0.2561703461465719
624,RR,0.25
624,R@1000,0.8333333333333334
624,nDCG@3,0.0
624,nDCG@10,0.2527326844805438
624,nDCG@20,0.30793931260400853
624,nDCG@100,0.4974653012251263
625,AP,0.3648082464520532
625,RR,1.0
625,R@1000,0.7777777777777778
625,nDCG@3,0.617319681505689
625,nDCG@10,0.5086174916863332
625,nDCG@20,0.4573419435141749
625,nDCG@100,0.5456007020368552
626,AP,0.5712639354777823
626,RR,1.0
626,R@1000,0.8333333333333334
626,nDCG@3,1.0
626,nDCG@10,0.727329844310522
626,nDCG@20,0.7366555483986772
626,nDCG@100,0.782537211400119
627,AP,0.031269127743323764
627,RR,0.045454545454545456
627,R@1000,0.6785714285714286
627,nDCG@3,0.0
627,nDCG@10,0.0
627,nDCG@20,0.0
627,nDCG@100,0.11892797419349307
628,AP,0.22163268569568356
628,RR,0.125
628,R@1000,0.9615384615384616
628,nDCG@3,0.0
628,nDCG@10,0.12086992363525319
628,nDCG@20,0.21660578837989097
628,nDCG@100,0.43904246283988363
629,AP,0.5567131364836081
629,RR,1.0
629,R@1000,1.0
629,nDCG@3,1.0
629,nDCG@10,0.7598828965230275
629,nDCG@20,0.6654956193766309
629,nDCG@100,0.8452997266198893
630,AP,0.8875
630,RR,1.0
630,R@1000,1.0
630,nDCG@3,0.8670870086853021
630,nDCG@10,0.973012231497734
630,nDCG@20,0.973012231497734
630,nDCG@100,0.973012231497734
631,AP,0.2657256734893096
631,RR,1.0
631,R@1000,0.8782608695652174
631,nDCG@3,0.38268031849431083
631,nDCG@10,0.3372855687869864
631,nDCG@20,0.35978589347439854
631,nDCG@100,0.322251730600203
632,AP,0.4175893273423554
632,RR,1.0
632,R@1000,0.647887323943662
632,nDCG@3,0.5
632,nDCG@10,0.6450363399614679
632,nDCG@20,0.7542480377296338
632,nDCG@100,0.5586456559296641
633,AP,0.32089141767493595
633,RR,1.0
633,R@1000,0.8085106382978723
633,nDCG@3,0.566456495657349
633,nDCG@10,0.5704671511387556
633,nDCG@20,0.49285080003293597
633,nDCG@100,0.47849228693870643
634,AP,0.5577505827505828
634,RR,1.0
634,R@1000,0.8181818181818182
634,nDCG@3,1.0
634,nDCG@10,0.6332196796270029
634,nDCG@20,0.7070932634688013
634,nDCG@100,0.7860524449376567
635,AP,0.6416579756103367
635,RR,1.0
635,R@1000,0.9473684210526315
635,nDCG@3,1.0
635,nDCG@10,0.7682269253321375
635,nDCG@20,0.7013981916021602
635,nDCG@100,0.8679419226479146
636,AP,0.18327144347834595
636,RR,1.0
636,R@1000,0.6428571428571429
636,nDCG@3,0.38268031849431083
636,nDCG@10,0.33455590596285223
636,nDCG@20,0.288415091339523
636,nDCG@100,0.330732794321454
637,AP,0.18933166016793138
637,RR,1.0
637,R@1000,0.5454545454545454
637,nDCG@3,0.46927872602275644
637,nDCG@10,0.4592647145931825
637,nDCG@20,0.39814315834398634
637,nDCG@100,0.45029066184072464
638,AP,0.057330961950901635
638,RR,0.3333333333333333
638,R@1000,0.6285714285714286
638,nDCG@3,0.11731968150568911
638,nDCG@10,0.10206510770605066
638,nDCG@20,0.12383736483575139
638,nDCG@100,0.1414903735679723
639,AP,0.2538822785076574
639,RR,1.0
639,R@1000,0.78125
639,nDCG@3,0.7653606369886217
639,nDCG@10,0.756902106715231
639,nDCG@20,0.52134487622213
639,nDCG@100,0.4757774407751072
640,AP,0.26937100479374965
640,RR,1.0
640,R@1000,0.6744186046511628
640,nDCG@3,0.7653606369886217
640,nDCG@10,0.6448537604358657
640,nDCG@20,0.5413774651835441
640,nDCG@100,0.504460888173063
641,AP,0.1471740656880436
641,RR,0.5
641,R@1000,0.9183673469387755
641,nDCG@3,0.1480409554829326
641,nDCG@10,0.24261785528500335
641,nDCG@20,0.21375863855918933
641,nDCG@100,0.2760183475580496
642,AP,0.05669978653257711
642,RR,0.022727272727272728
642,R@1000,0.8974358974358975
642,nDCG@3,0.0
642,nDCG@10,0.0
642,nDCG@20,0.0
642,nDCG@100,0.10665830803146074
643,AP,0.20698765579029044
643,RR,0.5
643,R@1000,0.896551724137931
643,nDCG@3,0.1480409554829326
643,nDCG@10,0.21609593270580457
643,nDCG@20,0.26427571269484545
643,nDCG@100,0.3745383979416174
644,AP,0.36301192841692825
644,RR,1.0
644,R@1000,0.875
644,nDCG@3,0.617319681505689
644,nDCG@10,0.3609205602529261
644,nDCG@20,0.4027863683006124
644,nDCG@100,0.5719373692387203
645,AP,0.641859244435602
645,RR,1.0
645,R@1000,0.9655172413793104
645,nDCG@3,0.7346393630113782
645,nDCG@10,0.6457502264140174
645,nDCG@20,0.7315044630609604
645,nDCG@100,0.833308178867691
646,AP,0.32679265821471243
646,RR,1.0
646,R@1000,0.8
646,nDCG@3,0.7653606369886217
646,nDCG@10,0.6481486656265848
646,nDCG@20,0.6481486656265848
646,nDCG@100,0.7170272825973196
647,AP,0.33780689917224477
647,RR,1.0
647,R@1000,0.7575757575757576
647,nDCG@3,1.0
647,nDCG@10,0.5662162310604797
647,nDCG@20,0.5268680782124575
647,nDCG@100,0.6644683275565038
648,AP,0.5053517061773651
648,RR,1.0
648,R@1000,0.7543859649122807
648,nDCG@3,0.8826803184943108
648,nDCG@10,0.8975828762407047
648,nDCG@20,0.8106955046688195
648,nDCG@100,0.7118755285550831
649,AP,0.4469417015362852
649,RR,1.0
649,R@1000,0.8108108108108109
649,nDCG@3,0.7653606369886217
649,nDCG@10,0.756902106715231
649,nDCG@20,0.7306747298639361
649,nDCG@100,0.666254731110625
650,AP,0.05683483245464298
650,RR,0.3333333333333333
650,R@1000,0.6176470588235294
650,nDCG@3,0.11731968150568911
650,nDCG@10,0.07491210085649577
650,nDCG@20,0.1326949123717438
650,nDCG@100,0.1861668462830111
651,AP,0.06560100428292003
651,RR,0.2
651,R@1000,0.5263157894736842
651,nDCG@3,0.0
651,nDCG@10,0.1298982802325927
651,nDCG@20,0.16701676101733298
651,nDCG@100,0.25086481171139147
652,AP,0.1203514927066792
652,RR,1.0
652,R@1000,0.35135135135135137
652,nDCG@3,1.0
652,nDCG@10,0.675416025555764
652,nDCG@20,0.47224773750881494
652,nDCG@100,0.3341981198158809
653,AP,0.6038074063172946
653,RR,1.0
653,R@1000,0.9466666666666667
653,nDCG@3,0.7653606369886217
653,nDCG@10,0.7641616656875092
653,nDCG@20,0.7033906708940376
653,nDCG@100,0.7656554438066799
654,AP,0.31355697924999076
654,RR,1.0
654,R@1000,0.9473684210526315
654,nDCG@3,1.0
654,nDCG@10,0.793584067764911
654,nDCG@20,0.616884514058026
654,nDCG@100,0.5128750500974307
655,AP,0.17711819430569428
655,RR,1.0
655,R@1000,0.7142857142857143
655,nDCG@3,0.46927872602275644
655,nDCG@10,0.3226011484953325
655,nDCG@20,0.3226011484953325
655,nDCG@100,0.4278399946304714
656,AP,0.25574964603781064
656,RR,1.0
656,R@1000,0.6036036036036037
656,nDCG@3,0.7653606369886217
656,nDCG@10,0.6948630032327774
656,nDCG@20,0.6445139395777439
656,nDCG@100,0.4686134718946269
657,AP,0.2707207750640546
657,RR,1.0
657,R@1000,0.625
657,nDCG@3,0.7653606369886217
657,nDCG@10,0.5839456847720096
657,nDCG@20,0.5413259174687853
657,nDCG@100,0.6206457400675885
658,AP,0.20829119680732155
658,RR,1.0
658,R@1000,0.6140350877192983
658,nDCG@3,1.0
658,nDCG@10,0.6489315753318465
658,nDCG@20,0.5763635073925004
658,nDCG@100,0.5183851056154412
659,AP,0.4027697904890698
659,RR,1.0
659,R@1000,0.875
659,nDCG@3,0.5307212739772434
659,nDCG@10,0.6372211215658973
659,nDCG@20,0.5793277137951792
659,nDCG@100,0.6688795232015714
660,AP,0.6726161651336763
660,RR,1.0
660,R@1000,0.9642857142857143
660,nDCG@3,0.7653606369886217
660,nDCG@10,0.7804105564474983
660,nDCG@20,0.7665748278859877
660,nDCG@100,0.8156069678472304
661,AP,0.4905539227138174
661,RR,1.0
661,R@1000,0.9411764705882353
661,nDCG@3,0.8826803184943108
661,nDCG@10,0.8472127172921033
661,nDCG@20,0.7713588622209442
661,nDCG@100,0.7339933825097427
662,AP,0.19858564457819797
662,RR,1.0
662,R@1000,0.5294117647058824
662,nDCG@3,0.5865984075284455
662,nDCG@10,0.5723989089721838
662,nDCG@20,0.4965313717167834
662,nDCG@100,0.4859317102718123
663,AP,0.499058752054422
663,RR,1.0
663,R@1000,1.0
663,nDCG@3,0.46927872602275644
663,nDCG@10,0.5993294818993699
663,nDCG@20,0.5606411907817902
663,nDCG@100,0.6904779313278376
664,AP,0.8252525252525253
664,RR,1.0
664,R@1000,0.8888888888888888
664,nDCG@3,1.0
664,nDCG@10,0.8740453025662304
664,nDCG@20,0.944730928760217
664,nDCG@100,0.944730928760217
665,AP,0.19814408605179434
665,RR,1.0
665,R@1000,0.9473684210526315
665,nDCG@3,0.47909091485969846
665,nDCG@10,0.3227285426577275
665,nDCG@20,0.26470166988032984
665,nDCG@100,0.40506682477204176
666,AP,0.029560308972073675
666,RR,0.08333333333333333
666,R@1000,0.6666666666666666
666,nDCG@3,0.0
666,nDCG@10,0.0
666,nDCG@20,0.12681701683239352
666,nDCG@100,0.12681701683239352
667,AP,0.30717898223769
667,RR,1.0
667,R@1000,0.6829268292682927
667,nDCG@3,0.7653606369886217
667,nDCG@10,0.8236998933965709
667,nDCG@20,0.5650265075127957
667,nDCG@100,0.5521379670144866
668,AP,0.03742013810749707
668,RR,0.08333333333333333
668,R@1000,0.6388888888888888
668,nDCG@3,0.0
668,nDCG@10,0.0
668,nDCG@20,0.06820823231915644
668,nDCG@100,0.11209026104583222
669,AP,0.024684131859427465
669,RR,0.03571428571428571
669,R@1000,0.6956521739130435
669,nDCG@3,0.0
669,nDCG@10,0.0
669,nDCG@20,0.0
669,nDCG@100,0.05426661997381014
670,AP,0.10778356130931926
670,RR,1.0
670,R@1000,0.5833333333333334
670,nDCG@3,0.31939394323979897
670,nDCG@10,0.24464556152396125
670,nDCG@20,0.2380633316561461
670,nDCG@100,0.31845112959348865
671,AP,0.15763485956581103
671,RR,1.0
671,R@1000,0.44285714285714284
671,nDCG@3,0.5
671,nDCG@10,0.36909854112772383
671,nDCG@20,0.3760899494398323
671,nDCG@100,0.3370467130137412
673,AP,0.2150020168355649
673,RR,1.0
673,R@1000,0.6521739130434783
673,nDCG@3,0.617319681505689
673,nDCG@10,0.6125332684763088
673,nDCG@20,0.5079684503525261
673,nDCG@100,0.5367363504095404
674,AP,0.23966425353716198
674,RR,1.0
674,R@1000,0.7
674,nDCG@3,0.7653606369886217
674,nDCG@10,0.4985723557253838
674,nDCG@20,0.360146957395301
674,nDCG@100,0.5207928579419365
675,AP,0.1778973963655157
675,RR,1.0
675,R@1000,0.92
675,nDCG@3,0.7653606369886217
675,nDCG@10,0.3589542101716347
675,nDCG@20,0.30352362473395395
675,nDCG@100,0.39333411435519694
676,AP,0.15205997352779266
676,RR,0.3333333333333333
676,R@1000,0.6122448979591837
676,nDCG@3,0.11731968150568911
676,nDCG@10,0.2623743625327685
676,nDCG@20,0.2947744173939044
676,nDCG@100,0.32500393068894906
677,AP,0.7819706498951783
677,RR,1.0
677,R@1000,0.8888888888888888
677,nDCG@3,0.680606056760201
677,nDCG@10,0.7601505373126665
677,nDCG@20,0.7601505373126665
677,nDCG@100,0.7601505373126665
678,AP,0.14068591615069284
678,RR,1.0
678,R@1000,0.7894736842105263
678,nDCG@3,0.46927872602275644
678,nDCG@10,0.3481533333551303
678,nDCG@20,0.27477707262081097
678,nDCG@100,0.4162368434914393
679,AP,0.7166666666666668
679,RR,0.5
679,R@1000,1.0
679,nDCG@3,0.5307212739772434
679,nDCG@10,0.7928580195906539
679,nDCG@20,0.7928580195906539
679,nDCG@100,0.7928580195906539
680,AP,0.2529896180537096
680,RR,1.0
680,R@1000,1.0
680,nDCG@3,0.31939394323979897
680,nDCG@10,0.30477540103755446
680,nDCG@20,0.300573203552803
680,nDCG@100,0.4667457976446826
681,AP,0.517505146832357
681,RR,1.0
681,R@1000,0.9
681,nDCG@3,0.7346393630113782
681,nDCG@10,0.5990343223206818
681,nDCG@20,0.602627115982332
681,nDCG@100,0.6991468984800084
682,AP,0.052333921468006535
682,RR,0.5
682,R@1000,0.5609756097560976
682,nDCG@3,0.1480409554829326
682,nDCG@10,0.12632038158915893
682,nDCG@20,0.1437315928859042
682,nDCG@100,0.14188374863814393
683,AP,0.25255639384813156
683,RR,1.0
683,R@1000,0.7766990291262136
683,nDCG@3,0.7653606369886217
683,nDCG@10,0.8473825580301494
683,nDCG@20,0.6493830466894623
683,nDCG@100,0.4121864364765153
684,AP,0.12330593722354621
684,RR,0.125
684,R@1000,0.7317073170731707
684,nDCG@3,0.0
684,nDCG@10,0.034715610968388634
684,nDCG@20,0.15515930496117114
684,nDCG@100,0.30364086184252187
685,AP,0.2103742345447184
685,RR,1.0
685,R@1000,1.0
685,nDCG@3,0.23463936301137822
685,nDCG@10,0.14074267220463055
685,nDCG@20,0.25697928656921654
685,nDCG@100,0.4358718228237509
686,AP,0.20520149767395296
686,RR,0.5
686,R@1000,0.875
686,nDCG@3,0.38268031849431083
686,nDCG@10,0.307907328362021
686,nDCG@20,0.2588708454172134
686,nDCG@100,0.4185817855191693
687,AP,0.33715564599511194
687,RR,1.0
687,R@1000,0.8735632183908046
687,nDCG@3,0.23463936301137822
687,nDCG@10,0.36656859685764676
687,nDCG@20,0.3258551562540316
687,nDCG@100,0.4202348726017947
688,AP,0.04633896310099958
688,RR,1.0
688,R@1000,0.32298136645962733
688,nDCG@3,0.46927872602275644
688,nDCG@10,0.3932783996463063
688,nDCG@20,0.2538090379863062
688,nDCG@100,0.1427296403103517
689,AP,0.0328016340837199
689,RR,0.2
689,R@1000,0.8235294117647058
689,nDCG@3,0.0
689,nDCG@10,0.04257155882081049
689,nDCG@20,0.03306094886319186
689,nDCG@100,0.060020991454333886
690,AP,0.006223333366677729
690,RR,0.022222222222222223
690,R@1000,0.42857142857142855
690,nDCG@3,0.0
690,nDCG@10,0.0
690,nDCG@20,0.0
690,nDCG@100,0.03226365515810499
691,AP,0.17070512686313385
691,RR,1.0
691,R@1000,0.6666666666666666
691,nDCG@3,0.7653606369886217
691,nDCG@10,0.42520843362602373
691,nDCG@20,0.34723239962689134
691,nDCG@100,0.4073595929565142
692,AP,0.1779385193603321
692,RR,1.0
692,R@1000,0.5555555555555556
692,nDCG@3,0.7653606369886217
692,nDCG@10,0.4852537422563722
692,nDCG@20,0.46565889562540835
692,nDCG@100,0.5415280079565705
693,AP,0.21659327322959643
693,RR,1.0
693,R@1000,0.7037037037037037
693,nDCG@3,0.35195904451706733
693,nDCG@10,0.392897315754228
693,nDCG@20,0.36722657116297747
693,nDCG@100,0.3684511624473413
694,AP,0.1878798079504701
694,RR,0.3333333333333333
694,R@1000,0.5909090909090909
694,nDCG@3,0.31939394323979897
694,nDCG@10,0.37663775446577935
694,nDCG@20,0.4794847559795856
694,nDCG@100,0.34209498315246517
695,AP,0.11413371618399105
695,RR,1.0
695,R@1000,0.6853932584269663
695,nDCG@3,0.23463936301137822
695,nDCG@10,0.23155997967305536
695,nDCG@20,0.222361210506547
695,nDCG@100,0.23802707860793623
696,AP,0.3996151100070794
696,RR,1.0
696,R@1000,0.967741935483871
696,nDCG@3,0.46927872602275644
696,nDCG@10,0.5239294981581574
696,nDCG@20,0.5545362495919373
696,nDCG@100,0.6546955646479387
697,AP,0.1384137800573907
697,RR,0.5
697,R@1000,0.62
697,nDCG@3,0.5307212739772434
697,nDCG@10,0.45885416058566464
697,nDCG@20,0.44082229229963876
697,nDCG@100,0.3634881951692145
698,AP,0.14094849954735797
698,RR,1.0
698,R@1000,0.6
698,nDCG@3,0.46927872602275644
698,nDCG@10,0.24445218882151876
698,nDCG@20,0.33856012281290065
698,nDCG@100,0.33856012281290065
699,AP,0.39187297641973035
699,RR,0.5
699,R@1000,0.7887323943661971
699,nDCG@3,0.5307212739772434
699,nDCG@10,0.5501126236272343
699,nDCG@20,0.49706274409562534
699,nDCG@100,0.5763654394901777
700,AP,0.13827889270785085
700,RR,1.0
700,R@1000,0.5166666666666667
700,nDCG@3,1.0
700,nDCG@10,0.6225074584919075
700,nDCG@20,0.5302648389642199
700,nDCG@100,0.32239649811172283
